Hu[1],Hu[2],Hu[3],Hu[4],Hu[5],Hu[6],Hu[7],area,perimetro,objeto,imagen
0.3107551932300461,0.06937130158063232,1.8448974750151495e-05,1.5049946948920625e-06,-7.56172802579894e-12,-3.952091975108858e-07,-2.3894820990590364e-12,189564.0,2249.7300090789795,encendedor,C:\Users\harie\Documents\Escuela\5_semestre\vision\Proyecto\data\1.jpg
1.1740857607910773,1.3408242951658027,0.050685798168100406,0.046605730058424694,0.0022651405081251744,0.05395729090173354,1.2834469384369447e-05,267126.0,4292.836777925491,cuchillo,C:\Users\harie\Documents\Escuela\5_semestre\vision\Proyecto\data\10.jpg
1.2140623316949692,1.435967048573699,0.059227627225237826,0.05471665476676917,0.00311485218484998,0.06556750205189854,1.3422049107403251e-05,249611.0,4179.155538678169,cuchillo,C:\Users\harie\Documents\Escuela\5_semestre\vision\Proyecto\data\10.jpg
1.1845021790833934,1.3653435058395862,0.04594440215132793,0.042232063075112763,0.0018602198030859725,0.04924598078146622,1.5709274117269405e-05,228881.5,3927.834691762924,cuchillo,C:\Users\harie\Documents\Escuela\5_semestre\vision\Proyecto\data\10.jpg
1.2059080101969077,1.4160289481091801,0.057080772045214535,0.05272016184412245,0.00289200493733403,0.06265387609958444,2.0575684817227013e-05,232244.5,3986.6631183624268,cuchillo,C:\Users\harie\Documents\Escuela\5_semestre\vision\Proyecto\data\10.jpg
1.1906465896382807,1.3806785387932674,0.04400870376238556,0.04051351916412206,0.0017106523108312767,0.04759208543627849,1.0049609141109318e-05,230542.0,4003.7930607795715,cuchillo,C:\Users\harie\Documents\Escuela\5_semestre\vision\Proyecto\data\10.jpg
0.8130888950574161,0.6036015574281406,0.2563872852946006,0.22206586350951732,0.05298702888596542,0.17252335671734875,0.00013348504054075915,346398.0,4248.861164808273,cuchara,C:\Users\harie\Documents\Escuela\5_semestre\vision\Proyecto\data\100.jpg
0.7863107270829887,0.5607837210143876,0.23970743744996267,0.20582632220424735,0.04571850269780713,0.15413273565468552,3.495067294250723e-05,355743.5,4262.559648156166,cuchara,C:\Users\harie\Documents\Escuela\5_semestre\vision\Proyecto\data\100.jpg
1.2006130047456665,1.403563385014289,0.049520698504294754,0.045590307119638684,0.002166140636247909,0.0538827441597567,1.830608867489649e-05,222649.0,3888.3372147083282,cuchillo,C:\Users\harie\Documents\Escuela\5_semestre\vision\Proyecto\data\100.jpg
1.2029434234045393,1.4086213292550047,0.05673615676179929,0.052280592372017175,0.0028472896568873776,0.06201153790462567,1.8387787373287587e-05,225148.0,3923.5331740379333,cuchillo,C:\Users\harie\Documents\Escuela\5_semestre\vision\Proyecto\data\100.jpg
0.7707030225348346,0.5368874637037095,0.24645863414225677,0.21332962856248577,0.04891556393833769,0.15630273776974848,0.00013765491697486417,342246.5,4195.589084982872,cuchara,C:\Users\harie\Documents\Escuela\5_semestre\vision\Proyecto\data\11.jpg
0.7858958370936684,0.5610076020449722,0.24004385881400808,0.20711692566746523,0.04618152357593966,0.15511974273252963,-6.496699284938914e-05,337430.0,4176.743413209915,cuchara,C:\Users\harie\Documents\Escuela\5_semestre\vision\Proyecto\data\12.jpg
0.8604368566624492,0.6844759480695437,0.32050453457776,0.2854632075656063,0.08634545930486628,0.23616578560645843,0.00030990453717117186,292298.0,4032.694642305374,cuchara,C:\Users\harie\Documents\Escuela\5_semestre\vision\Proyecto\data\12.jpg
0.777896107566736,0.5477408018434725,0.23602512787784763,0.20242873958458263,0.04424731979180439,0.14981321328439368,-6.066164764910047e-05,350682.0,4222.601278305054,cuchara,C:\Users\harie\Documents\Escuela\5_semestre\vision\Proyecto\data\13.jpg
0.7766088349839032,0.5464962067058985,0.23263565407939552,0.20045941911747606,0.043288957676126213,0.14818861666851735,7.830332382172426e-05,341922.5,4151.020544052124,cuchara,C:\Users\harie\Documents\Escuela\5_semestre\vision\Proyecto\data\13.jpg
0.7750398441159526,0.544078149845362,0.23946477024747495,0.2071759162236613,0.04614533811902895,0.15281335931490828,0.0001359414196255987,322415.5,4074.07436811924,cuchara,C:\Users\harie\Documents\Escuela\5_semestre\vision\Proyecto\data\13.jpg
0.811017259070381,0.6000482414018049,0.2697366096199423,0.23461533673444757,0.05902047182258447,0.18173642879789864,0.0001730986587342876,336921.5,4203.304813027382,cuchara,C:\Users\harie\Documents\Escuela\5_semestre\vision\Proyecto\data\14.jpg
0.7781391319620936,0.5480353583699399,0.23676013885047067,0.20305585832594347,0.04452226060764598,0.15031786265194452,-5.821117811313217e-05,349875.5,4209.53021132946,cuchara,C:\Users\harie\Documents\Escuela\5_semestre\vision\Proyecto\data\14.jpg
0.779127805112144,0.5503273505587771,0.23513967508530384,0.202814181107248,0.04429040541267034,0.15045386120374138,8.387419503803504e-05,339100.5,4146.819535136223,cuchara,C:\Users\harie\Documents\Escuela\5_semestre\vision\Proyecto\data\14.jpg
0.7727597726989749,0.5404771245807902,0.2396850544402435,0.20746098841439556,0.046261876975745256,0.1525134518476875,0.00013655165445167813,319914.5,4037.2215551137924,cuchara,C:\Users\harie\Documents\Escuela\5_semestre\vision\Proyecto\data\14.jpg
0.8122889788018133,0.6020622885592067,0.271831659796352,0.23658465146235802,0.05999678718419146,0.1835693522775694,0.00017620904297533865,336414.0,4204.032737374306,cuchara,C:\Users\harie\Documents\Escuela\5_semestre\vision\Proyecto\data\15.jpg
0.777844498474487,0.5475603330822856,0.23721307262626587,0.20347837128094437,0.04470399300107505,0.15056526337762066,-5.8520851293789315e-05,350205.5,4210.701784491539,cuchara,C:\Users\harie\Documents\Escuela\5_semestre\vision\Proyecto\data\15.jpg
0.7780901180032399,0.5487606699659915,0.23412535083616676,0.20185937735836926,0.043883058278151546,0.14953229706079937,8.03478698529615e-05,340128.0,4146.920039653778,cuchara,C:\Users\harie\Documents\Escuela\5_semestre\vision\Proyecto\data\15.jpg
0.7719444235589628,0.5392635111546451,0.2392012740989287,0.20703314393729985,0.04607227740585103,0.15202808182877614,0.0001355515807487332,320844.0,4045.949476480484,cuchara,C:\Users\harie\Documents\Escuela\5_semestre\vision\Proyecto\data\15.jpg
0.7525334949882494,0.5098579727608301,0.21730068783981685,0.18620650533251812,0.0374561148368141,0.13295614484614532,-2.5016880180888344e-05,329522.0,4062.4347574710846,cuchara,C:\Users\harie\Documents\Escuela\5_semestre\vision\Proyecto\data\15.jpg
1.0566310198777853,1.0581078734838172,0.17142244148447433,0.14442198545616275,0.022723853827248057,0.14855088872224714,6.575018139102487e-05,244162.0,6637.214413285255,tenedor,C:\Users\harie\Documents\Escuela\5_semestre\vision\Proyecto\data\16.jpg
1.0527957937926515,1.0497491551107845,0.17339631006281844,0.14638461293891641,0.023321478470398668,0.14994613701597226,-0.00013231461989716975,237794.5,6700.039876461029,tenedor,C:\Users\harie\Documents\Escuela\5_semestre\vision\Proyecto\data\17.jpg
1.0451822220451361,1.0338177745108357,0.16393776002287455,0.137499934696711,0.020643708078841052,0.13978643398236779,0.000104150925808275,236082.5,6680.549543619156,tenedor,C:\Users\harie\Documents\Escuela\5_semestre\vision\Proyecto\data\17.jpg
1.0715667110462457,1.090473209856309,0.17109283244704857,0.14449389723058337,0.022718905189670617,0.15087211723154648,8.108699189446258e-05,250380.0,6658.032737612724,tenedor,C:\Users\harie\Documents\Escuela\5_semestre\vision\Proyecto\data\18.jpg
1.0514538878637836,1.0461208135788573,0.16185435036606752,0.1357537203046793,0.020122276048379562,0.1387809004932748,-0.000153865991583047,234000.0,6643.179925560951,tenedor,C:\Users\harie\Documents\Escuela\5_semestre\vision\Proyecto\data\18.jpg
1.0373356330464085,1.0172573278415376,0.15305686258958928,0.12749681175297498,0.01781032343396238,0.1285836040614871,7.23589162407209e-05,235117.5,6633.0794187784195,tenedor,C:\Users\harie\Documents\Escuela\5_semestre\vision\Proyecto\data\18.jpg
1.070911407406798,1.0885937651527873,0.19014513682818535,0.16215182595675223,0.0284718253166468,0.16910924766657978,-0.00019385250640888298,255909.5,6597.471335411072,tenedor,C:\Users\harie\Documents\Escuela\5_semestre\vision\Proyecto\data\19.jpg
1.0659892807638867,1.0781845513341266,0.17189901365922866,0.14494687646606574,0.022879592563644666,0.15049729750822183,6.396962862383277e-05,247248.0,6634.410371899605,tenedor,C:\Users\harie\Documents\Escuela\5_semestre\vision\Proyecto\data\19.jpg
1.0380731630367175,1.0184037207570313,0.1531290025748666,0.12746323664415554,0.0178074288934688,0.1286193746822624,8.477504492464955e-05,233870.5,6605.599190115929,tenedor,C:\Users\harie\Documents\Escuela\5_semestre\vision\Proyecto\data\19.jpg
1.0557883720728827,1.0548181410108979,0.16284052060756454,0.1363628476812294,0.020319580113641825,0.1399929619535597,-0.0001420019200333131,230692.5,6619.658066153526,tenedor,C:\Users\harie\Documents\Escuela\5_semestre\vision\Proyecto\data\19.jpg
0.30682718918773255,0.06701398134472533,2.317120859454718e-06,9.148099870651374e-09,1.2194921233311644e-15,2.2743448989650446e-09,-5.355268211738571e-16,196411.0,2525.6711342334747,encendedor,C:\Users\harie\Documents\Escuela\5_semestre\vision\Proyecto\data\2.jpg
0.3106070404820212,0.06932917357918403,2.366436015801717e-05,1.983719108899354e-06,-1.3500092669053956e-11,-4.881793304141398e-07,1.5737186924644197e-12,189327.5,2262.62445127964,encendedor,C:\Users\harie\Documents\Escuela\5_semestre\vision\Proyecto\data\2.jpg
1.0707839227179325,1.0880288112123255,0.19313302475391614,0.16463205396484673,0.029355572163682855,0.17165718645981018,-0.00019228312691731147,254950.0,6603.370830655098,tenedor,C:\Users\harie\Documents\Escuela\5_semestre\vision\Proyecto\data\20.jpg
1.0579539688897435,1.0610788077384663,0.18373475054824726,0.15567861274447878,0.026328963586455617,0.1603279581875925,0.00013029136713085853,255796.5,6525.623576402664,tenedor,C:\Users\harie\Documents\Escuela\5_semestre\vision\Proyecto\data\20.jpg
1.0679391718855877,1.0820700546236524,0.1724252050367939,0.14524846894288038,0.022986114112001108,0.15107882641350973,7.252966034633165e-05,245647.5,6641.564702033997,tenedor,C:\Users\harie\Documents\Escuela\5_semestre\vision\Proyecto\data\20.jpg
1.0501555771666784,1.0433545697892639,0.15711272397255657,0.13096194152697851,0.01878533368520738,0.13375647063992643,8.477875248569656e-05,231241.5,6620.3443557024,tenedor,C:\Users\harie\Documents\Escuela\5_semestre\vision\Proyecto\data\20.jpg
1.0595026905098892,1.0623617015057334,0.16487715697687375,0.13802541090061773,0.020821340624908306,0.14220716730375835,-0.0001422075239746628,230431.0,6636.528123021126,tenedor,C:\Users\harie\Documents\Escuela\5_semestre\vision\Proyecto\data\20.jpg
0.16815595908536762,0.00043190382241560136,2.6221689351377116e-06,5.882112241365099e-08,7.250192368481008e-15,-8.143868082370654e-10,-2.1933757534211528e-14,298207.0,2330.9259675741196,te,C:\Users\harie\Documents\Escuela\5_semestre\vision\Proyecto\data\21.jpg
0.16933659409861745,0.0008819149085137354,7.837341767640339e-07,3.764357114653841e-09,-1.8736763415673861e-16,-6.095096491832495e-11,-8.185121837575651e-17,323066.0,2390.749342441559,te,C:\Users\harie\Documents\Escuela\5_semestre\vision\Proyecto\data\22.jpg
0.16820750924614042,0.0004445084009289194,2.397364162662997e-06,5.3714663044426054e-08,7.176077117803449e-15,-7.279197278840108e-10,-1.7889938657947717e-14,298213.0,2334.5828218460083,te,C:\Users\harie\Documents\Escuela\5_semestre\vision\Proyecto\data\22.jpg
0.16937148025459905,0.0008837819159585624,7.669470728913222e-07,3.9041681735057876e-09,-1.784398486593443e-16,-5.2290973380362985e-11,-1.1747245773754188e-16,322946.0,2389.4356342554092,te,C:\Users\harie\Documents\Escuela\5_semestre\vision\Proyecto\data\23.jpg
0.1682220513698694,0.0004448122248980549,2.3445604472891615e-06,4.85473675839387e-08,6.235977957566625e-15,-6.547639836599657e-10,-1.5145103739544166e-14,297918.5,2328.5411920547485,te,C:\Users\harie\Documents\Escuela\5_semestre\vision\Proyecto\data\23.jpg
0.16824495826152808,0.00038251822081217295,3.108265823961333e-06,1.3646600025176846e-08,-2.1554555629723227e-15,-6.850859333835533e-11,-1.803708590552153e-15,284289.5,2245.227483510971,te,C:\Users\harie\Documents\Escuela\5_semestre\vision\Proyecto\data\23.jpg
0.169354778830655,0.0008777285644983747,8.665642408789326e-07,3.0960775042157843e-09,-1.5839514888826287e-16,-6.089648438464654e-11,-2.507828056089908e-17,323086.5,2391.8204102516174,te,C:\Users\harie\Documents\Escuela\5_semestre\vision\Proyecto\data\24.jpg
0.1682503483222334,0.0004427719523998992,8.277695921981495e-07,2.5618752741150202e-08,-1.6640919851478233e-15,-4.5074554729611496e-10,-3.339013152511192e-15,292861.5,2309.2274832725525,te,C:\Users\harie\Documents\Escuela\5_semestre\vision\Proyecto\data\24.jpg
0.16925566203635456,0.0007900413008853249,1.944941795851469e-06,3.6326573706446844e-08,9.582374858545259e-15,-4.458460571565897e-10,1.1888209558343802e-15,295437.0,2345.4112490415573,te,C:\Users\harie\Documents\Escuela\5_semestre\vision\Proyecto\data\24.jpg
0.16830505437947796,0.00038639343206215283,2.9424651993281497e-06,1.9855921325355163e-08,-1.1373620279965959e-15,5.255128581280375e-11,-4.662729836359256e-15,284021.5,2242.0559099912643,te,C:\Users\harie\Documents\Escuela\5_semestre\vision\Proyecto\data\24.jpg
0.16918045731892914,0.0007282733804281266,1.634471575414932e-06,4.476550004010697e-08,-1.0968254263149533e-14,-1.1307964110052161e-09,-5.130524931277449e-15,307965.5,2379.0853482484818,te,C:\Users\harie\Documents\Escuela\5_semestre\vision\Proyecto\data\25.jpg
0.1687919697287361,0.0006547206373805759,1.2551818370641487e-07,3.7935639086196925e-09,-3.4678094613270064e-17,-2.2552978574477597e-11,7.516599536586026e-17,307591.5,2271.4629838466644,te,C:\Users\harie\Documents\Escuela\5_semestre\vision\Proyecto\data\25.jpg
0.16931717639449878,0.0006866449231762546,1.4077855279422185e-06,3.6639176458249785e-08,-5.585239597777072e-15,-9.172006448789061e-10,-6.1682847582750705e-15,291235.5,2326.658941745758,te,C:\Users\harie\Documents\Escuela\5_semestre\vision\Proyecto\data\25.jpg
0.1680820749343595,0.00035633867534703035,2.630776490418514e-06,6.92777823702388e-08,-2.0898404507423167e-14,-1.164498883466583e-09,-2.0927739929333438e-14,281005.0,2254.3574271202087,te,C:\Users\harie\Documents\Escuela\5_semestre\vision\Proyecto\data\25.jpg
0.16846154169138686,0.00035175164654141137,8.692362977229803e-08,1.353506903062068e-08,3.424004122594085e-16,-1.7401201667005055e-10,3.135246235714807e-16,283500.0,2286.347321510315,te,C:\Users\harie\Documents\Escuela\5_semestre\vision\Proyecto\data\25.jpg
1.1992618563907589,1.4010372160987417,0.0454997019278323,0.041915609524087585,0.0018304532892368915,0.0495819458410481,1.1981724787665912e-05,237821.5,4071.1139084100723,cuchillo,C:\Users\harie\Documents\Escuela\5_semestre\vision\Proyecto\data\26.jpg
0.7532742163937521,0.5106676912593324,0.22221123892881536,0.19031556965257848,0.039137619065995034,0.1359883115592236,2.4825157819299574e-05,336140.0,4096.719031333923,cuchara,C:\Users\harie\Documents\Escuela\5_semestre\vision\Proyecto\data\26.jpg
1.195583559749696,1.3925391811932188,0.04388355990859754,0.04044120809588825,0.0017036377213967364,0.047685240801777044,1.147952907458425e-05,239650.5,4056.6042428016663,cuchillo,C:\Users\harie\Documents\Escuela\5_semestre\vision\Proyecto\data\27.jpg
1.0503758475042864,1.0445156383444791,0.17464210632369315,0.1469410214350729,0.023538967393127788,0.15016844028111737,-6.497852729359967e-05,237083.0,6627.713975429535,tenedor,C:\Users\harie\Documents\Escuela\5_semestre\vision\Proyecto\data\27.jpg
0.1692488247622281,0.000689148946299795,2.655869084984765e-06,6.96292178911362e-08,2.772604337247311e-14,7.149231803470037e-11,1.1306208467432678e-14,293364.0,2316.073155403137,te,C:\Users\harie\Documents\Escuela\5_semestre\vision\Proyecto\data\28.jpg
1.19902833294844,1.4006511420567098,0.044337646863969606,0.04085474211144973,0.0017387607083501116,0.048308843610538124,1.1924331700763227e-05,241200.5,4117.363687157631,cuchillo,C:\Users\harie\Documents\Escuela\5_semestre\vision\Proyecto\data\28.jpg
1.0501512145802536,1.0440277787821888,0.17029695385890325,0.14287584708644155,0.02228643470740109,0.1459844263467655,-4.9468641506305536e-05,240313.0,6623.914986848831,tenedor,C:\Users\harie\Documents\Escuela\5_semestre\vision\Proyecto\data\29.jpg
0.7931920287494573,0.5715760619688754,0.2659176491710445,0.23167873192508848,0.057504262506141636,0.1751491210434062,0.0002062918305007046,319527.5,4089.3636902570724,cuchara,C:\Users\harie\Documents\Escuela\5_semestre\vision\Proyecto\data\29.jpg
0.3142305820475163,0.07158434046710073,1.5130352681702359e-05,1.8862986364289648e-06,1.0068766563388934e-11,5.046374356351959e-07,-4.123726431387639e-13,197186.0,2399.577768921852,encendedor,C:\Users\harie\Documents\Escuela\5_semestre\vision\Proyecto\data\3.jpg
0.3104131922044265,0.0691972933090555,2.2309887091322216e-05,1.8570631444531509e-06,-1.1894200482287409e-11,-4.776447369521357e-07,-1.1874133171102903e-12,189314.0,2236.2396767139435,encendedor,C:\Users\harie\Documents\Escuela\5_semestre\vision\Proyecto\data\3.jpg
0.3043339604535002,0.06559968358087781,4.640364789550022e-06,1.8351363360628538e-07,1.5397338356228307e-13,4.339932911880517e-08,7.050349613494125e-14,192843.0,2286.808217406273,encendedor,C:\Users\harie\Documents\Escuela\5_semestre\vision\Proyecto\data\3.jpg
0.16915787876154875,0.0006818926079639622,2.3669920309656074e-06,5.2695163553310646e-08,1.856259590057274e-14,-4.550757317758468e-10,-1.3323468524578865e-15,293282.5,2312.8010779619217,te,C:\Users\harie\Documents\Escuela\5_semestre\vision\Proyecto\data\30.jpg
0.7936450425854468,0.5723608577861362,0.26609469466379576,0.23189673875636932,0.057604607725278374,0.175434149418198,0.00020854229940816442,319185.5,4099.162680149078,cuchara,C:\Users\harie\Documents\Escuela\5_semestre\vision\Proyecto\data\30.jpg
0.16951087173612422,0.000737404278523284,4.3269861693355686e-06,1.0722056807623156e-07,4.228620208795297e-14,-1.4657943266796265e-09,-5.954384482254084e-14,290961.5,2411.584909796715,te,C:\Users\harie\Documents\Escuela\5_semestre\vision\Proyecto\data\31.jpg
1.0526241349620882,1.048655932978932,0.16785288095401132,0.14056190032727378,0.021590463831944153,0.14393374104471532,9.099777678511214e-05,239121.5,6600.795148611069,tenedor,C:\Users\harie\Documents\Escuela\5_semestre\vision\Proyecto\data\31.jpg
0.7749292121026796,0.5427463346035575,0.23888453868641715,0.20509946367961976,0.04539836141159374,0.15109317545747247,7.733314225108479e-05,346260.5,4215.471332788467,cuchara,C:\Users\harie\Documents\Escuela\5_semestre\vision\Proyecto\data\32.jpg
1.209243317498653,1.4252285417035837,0.04955677201250953,0.045891542663420846,0.0021884699153295827,0.054725432020925946,1.478412681335818e-05,237137.5,4119.540314078331,cuchillo,C:\Users\harie\Documents\Escuela\5_semestre\vision\Proyecto\data\32.jpg
1.197379781230993,1.3977463155138432,0.03495601073298151,0.03223175878304951,0.0010818602284891814,0.03800876073268883,9.22347119265155e-06,235513.0,4149.890601038933,cuchillo,C:\Users\harie\Documents\Escuela\5_semestre\vision\Proyecto\data\32.jpg
1.0671946469179974,1.0812607967078876,0.17697299678477035,0.1496443942103587,0.02435253291498849,0.15560532239343208,-1.0744951917238642e-05,249693.0,6540.469250202179,tenedor,C:\Users\harie\Documents\Escuela\5_semestre\vision\Proyecto\data\33.jpg
1.2024471914439003,1.409002924473174,0.04837008418063453,0.044788656109370543,0.0020846380038038637,0.0531088026278275,1.4017540803758802e-05,236856.0,4073.900706768036,cuchillo,C:\Users\harie\Documents\Escuela\5_semestre\vision\Proyecto\data\33.jpg
1.1862883193521025,1.371370888684985,0.03479004713320037,0.0320447668312511,0.0010699079014716269,0.03742176758797534,9.407413558438566e-06,236026.5,4130.133241176605,cuchillo,C:\Users\harie\Documents\Escuela\5_semestre\vision\Proyecto\data\33.jpg
1.1611048404545474,1.3127341540698858,0.029214990405031352,0.02676508478650692,0.0007484013800896658,0.030558916189117023,7.4001122761749535e-06,243739.0,4182.660151600838,cuchillo,C:\Users\harie\Documents\Escuela\5_semestre\vision\Proyecto\data\34.jpg
1.1911992618763168,1.3822756026293306,0.045010192270608915,0.04160579103248695,0.0018004274696149672,0.04886256569587566,1.2507185453558828e-05,242598.0,4144.327112674713,cuchillo,C:\Users\harie\Documents\Escuela\5_semestre\vision\Proyecto\data\34.jpg
0.16882746219114614,0.0006628805396450278,3.9212569866409836e-07,7.422850346915412e-10,4.7637031039430766e-18,1.7045705800547954e-11,-1.1733814804077605e-17,304677.0,2389.8376548290253,te,C:\Users\harie\Documents\Escuela\5_semestre\vision\Proyecto\data\34.jpg
1.2567742869367557,1.541426141043421,0.052931694327131795,0.0488954114942583,0.002487426950240621,0.0606418753535553,1.6642756530418112e-05,252512.0,4257.616437911987,cuchillo,C:\Users\harie\Documents\Escuela\5_semestre\vision\Proyecto\data\35.jpg
0.7422804480284425,0.4945587742198686,0.2123414310535406,0.18132565253906946,0.03557999534664342,0.12750459215150284,4.5593070118872536e-05,338388.5,4124.642907261848,cuchara,C:\Users\harie\Documents\Escuela\5_semestre\vision\Proyecto\data\35.jpg
0.793878356083996,0.5743487572270684,0.24388933322697295,0.21223753175411147,0.04828667704430588,0.16084189421402456,0.00015929404582419859,316605.5,4038.7362735271454,cuchara,C:\Users\harie\Documents\Escuela\5_semestre\vision\Proyecto\data\35.jpg
1.0640697929586758,1.075321987968056,0.18501716240091906,0.15743223271201015,0.026868689682662403,0.1632535979027062,2.8609365183239737e-06,256484.5,6525.055035352707,tenedor,C:\Users\harie\Documents\Escuela\5_semestre\vision\Proyecto\data\36.jpg
0.7457300183152454,0.49936258475726425,0.21746874314324016,0.18597418606422922,0.03740047248785221,0.1314072867110756,4.634616021588576e-05,336391.5,4103.672347903252,cuchara,C:\Users\harie\Documents\Escuela\5_semestre\vision\Proyecto\data\36.jpg
0.7968736858909382,0.5787485806882067,0.24968746740382664,0.21749132247561284,0.050682601425745766,0.1654533430408063,0.00016761772830650766,315003.5,4046.393126606941,cuchara,C:\Users\harie\Documents\Escuela\5_semestre\vision\Proyecto\data\36.jpg
0.16888058520951552,0.0007229137605201352,2.2913621650489124e-06,9.020598499430172e-08,1.3509789159819453e-14,-1.3592226595497046e-09,3.872188206134368e-14,314757.0,2495.9797904491425,te,C:\Users\harie\Documents\Escuela\5_semestre\vision\Proyecto\data\37.jpg
0.7476817532641713,0.5020052416518299,0.22340421665973625,0.1914166394750872,0.0395835646005946,0.13560999520467526,4.7540234489901016e-05,339068.5,4133.814480185509,cuchara,C:\Users\harie\Documents\Escuela\5_semestre\vision\Proyecto\data\37.jpg
0.8033617505747858,0.5886198525895054,0.26121735203537166,0.2281484971257204,0.05569611978577023,0.17503411733301763,0.00018859641265516202,315651.0,4094.6357674598694,cuchara,C:\Users\harie\Documents\Escuela\5_semestre\vision\Proyecto\data\37.jpg
1.2844779442049645,1.6114347397972368,0.06082415954013047,0.05639810050042037,0.003303139142432394,0.0715345564073614,1.993055232442221e-05,245383.0,4278.552506804466,cuchillo,C:\Users\harie\Documents\Escuela\5_semestre\vision\Proyecto\data\38.jpg
1.0701084232202622,1.0844297854585807,0.16629101110861835,0.1386310445651244,0.02104831349882682,0.14432310498488984,0.00012636751033328676,230362.5,6657.221553564072,tenedor,C:\Users\harie\Documents\Escuela\5_semestre\vision\Proyecto\data\38.jpg
1.0558322573286458,1.0547860350302218,0.16125211310438034,0.134100474947918,0.019719429483076468,0.1377066098656369,-8.287470518969584e-05,235413.5,6673.68244946003,tenedor,C:\Users\harie\Documents\Escuela\5_semestre\vision\Proyecto\data\38.jpg
0.7743991600390083,0.5421526390509775,0.2355212291198243,0.2019773828402663,0.04405232952974299,0.14871184612910474,4.829319462932701e-05,348430.5,4220.642907857895,cuchara,C:\Users\harie\Documents\Escuela\5_semestre\vision\Proyecto\data\39.jpg
1.0619097692254718,1.0676903762305283,0.16427950762516705,0.1373066301240394,0.020621511659914743,0.14183283311335232,0.00012872341933517083,234400.0,6698.518017292023,tenedor,C:\Users\harie\Documents\Escuela\5_semestre\vision\Proyecto\data\39.jpg
1.0483804779776957,1.039908434648772,0.16091837305661758,0.13422092498547167,0.01972560833657933,0.13686163018067604,-7.022259687282893e-05,240183.0,6743.00329875946,tenedor,C:\Users\harie\Documents\Escuela\5_semestre\vision\Proyecto\data\39.jpg
0.313160832300124,0.0709598491484297,1.7618132425082266e-05,1.9069426599522674e-06,9.167360295688294e-12,4.321815197509075e-07,-6.175096092716041e-12,194668.0,2342.4406867027283,encendedor,C:\Users\harie\Documents\Escuela\5_semestre\vision\Proyecto\data\4.jpg
0.30596646985809556,0.06660524002308325,8.407199004795164e-06,9.816137968835927e-07,2.8072208369801335e-12,2.516527272558471e-07,2.6731019374452635e-13,203388.0,2362.0142797231674,encendedor,C:\Users\harie\Documents\Escuela\5_semestre\vision\Proyecto\data\4.jpg
0.31112639473245257,0.06964052119020411,2.1767829586480627e-05,1.7670152304573158e-06,-9.936004644132195e-12,-3.7970161217384654e-07,4.623188935334407e-12,185435.0,2194.1808009147644,encendedor,C:\Users\harie\Documents\Escuela\5_semestre\vision\Proyecto\data\4.jpg
0.3079717726747342,0.06780687889272814,2.000499188153151e-06,2.489410903400082e-08,4.719814581196946e-15,-3.988686792375221e-09,-2.9301262564855474e-15,190403.5,2218.7665868997574,encendedor,C:\Users\harie\Documents\Escuela\5_semestre\vision\Proyecto\data\4.jpg
0.16909444455346945,0.0008827710041162979,1.8166963001137085e-07,7.540114001395447e-09,-1.2590539430199568e-16,1.6751866873837842e-10,2.490503180624126e-16,312710.0,2390.1564160585403,te,C:\Users\harie\Documents\Escuela\5_semestre\vision\Proyecto\data\40.jpg
1.0640104614980324,1.0718236306766395,0.16455547639065646,0.13734593961008817,0.020647681304621725,0.1421479956289238,0.00013008479319093279,234160.5,6711.02054309845,tenedor,C:\Users\harie\Documents\Escuela\5_semestre\vision\Proyecto\data\40.jpg
1.0527689411420238,1.0486814553849773,0.16170079412035399,0.13472507418801366,0.01988499094618503,0.13794918601171133,-7.782260046112046e-05,238759.0,6719.322060465813,tenedor,C:\Users\harie\Documents\Escuela\5_semestre\vision\Proyecto\data\40.jpg
1.2783100771020224,1.5954970764493315,0.058282140784182715,0.053961665246645495,0.0030261315203473924,0.068113011496581,1.832628487443696e-05,243464.0,4261.4641934633255,cuchillo,C:\Users\harie\Documents\Escuela\5_semestre\vision\Proyecto\data\41.jpg
0.16864894890022952,0.0005484413968291393,1.5284436028418157e-06,2.0457087263919315e-09,-1.0889667366952344e-16,4.670110737008178e-11,-3.5024675964136575e-17,277008.0,2256.607207417488,te,C:\Users\harie\Documents\Escuela\5_semestre\vision\Proyecto\data\41.jpg
0.16830465957420143,0.00040984455286143814,3.759560343622762e-06,8.340377007813315e-08,-3.863736812898191e-14,-1.5648925543502133e-09,-2.623636490606902e-14,283517.5,2353.619399189949,te,C:\Users\harie\Documents\Escuela\5_semestre\vision\Proyecto\data\41.jpg
0.7718233362186334,0.5380800823019213,0.23515919262718718,0.20166344672380876,0.04391587793980128,0.14792343634314856,4.101066084598792e-05,345798.5,4193.873357415199,cuchara,C:\Users\harie\Documents\Escuela\5_semestre\vision\Proyecto\data\42.jpg
0.16860388941040733,0.0005420023565630227,1.4471615231785581e-06,2.3418070472211505e-09,-1.1905623018102592e-16,5.270503681129222e-11,6.641495655092197e-17,276976.5,2254.5067014694214,te,C:\Users\harie\Documents\Escuela\5_semestre\vision\Proyecto\data\42.jpg
0.1682605613163144,0.0004174476228670874,4.093110506540322e-06,8.684676734181846e-08,-4.719501201566439e-14,-1.709779447587457e-09,-2.1301165892872187e-14,283691.5,2340.5067015886307,te,C:\Users\harie\Documents\Escuela\5_semestre\vision\Proyecto\data\42.jpg
1.0684283831814494,1.0827010170704872,0.17585675657922706,0.14788361499694333,0.02384838179640511,0.15386735269342233,-4.285222768155624e-05,244926.5,6622.192116260529,tenedor,C:\Users\harie\Documents\Escuela\5_semestre\vision\Proyecto\data\43.jpg
0.16859940921218275,0.0005391662035859494,1.5893867960473288e-06,2.6322642357979817e-09,-1.6586556616749383e-16,6.034125711105356e-11,-3.842655905403209e-17,276515.0,2253.435633778572,te,C:\Users\harie\Documents\Escuela\5_semestre\vision\Proyecto\data\43.jpg
0.1683108048844413,0.0004165739416644728,3.957866545190527e-06,8.768880691369104e-08,-3.8729200541500866e-14,-1.6102672894036958e-09,-3.4186421017288156e-14,283286.0,2331.577769637108,te,C:\Users\harie\Documents\Escuela\5_semestre\vision\Proyecto\data\43.jpg
0.731092615735162,0.47757366283516267,0.21417962284112313,0.1825965224008767,0.03610996261497966,0.12618641001049333,6.883039384159451e-05,353359.5,4196.986053466797,cuchara,C:\Users\harie\Documents\Escuela\5_semestre\vision\Proyecto\data\44.jpg
1.1872090253509293,1.3724656020495778,0.04014974365675567,0.03685735147649915,0.0014177824497701216,0.043057533316365054,1.2900858834848455e-05,226328.5,3953.3737936019897,cuchillo,C:\Users\harie\Documents\Escuela\5_semestre\vision\Proyecto\data\44.jpg
1.2154981646973457,1.4389912889011898,0.05812142907472758,0.05374193907785935,0.0030035000545344643,0.06439355604900796,2.088207478567457e-05,224760.0,3989.6408191919327,cuchillo,C:\Users\harie\Documents\Escuela\5_semestre\vision\Proyecto\data\44.jpg
1.211017458112572,1.4283368256417674,0.054599282928921515,0.05036402185850055,0.002640989612820422,0.06017213205821231,1.539858632331533e-05,225170.0,3981.640822649002,cuchillo,C:\Users\harie\Documents\Escuela\5_semestre\vision\Proyecto\data\44.jpg
1.0089853501378703,0.959535893067466,0.1676732526606142,0.13989772570997758,0.021426334262937326,0.13703331537673338,6.493468371446438e-07,256582.0,6661.179923772812,tenedor,C:\Users\harie\Documents\Escuela\5_semestre\vision\Proyecto\data\45.jpg
1.1855202828889686,1.3685337027333873,0.03970883414080148,0.03644646259076033,0.001386464027331422,0.04251661672285862,1.2636288502782339e-05,228109.0,3974.101714849472,cuchillo,C:\Users\harie\Documents\Escuela\5_semestre\vision\Proyecto\data\45.jpg
1.2142013895075907,1.4358773149909687,0.05763150534230144,0.05329349112860419,0.002953457275811992,0.06378676289917874,2.0581845830823986e-05,226665.5,4025.966722369194,cuchillo,C:\Users\harie\Documents\Escuela\5_semestre\vision\Proyecto\data\45.jpg
1.2117191882377372,1.430073118844697,0.05407528088885303,0.04987272655288654,0.0025899221838948027,0.059621662930243936,1.5062087715959373e-05,226657.0,3989.498686313629,cuchillo,C:\Users\harie\Documents\Escuela\5_semestre\vision\Proyecto\data\45.jpg
0.1690867504187259,0.0007569147580487755,2.9780833521184136e-06,1.973157859576317e-08,-2.7473252416172215e-16,3.057841821940738e-10,-4.775222292897967e-15,311745.5,2349.477264404297,te,C:\Users\harie\Documents\Escuela\5_semestre\vision\Proyecto\data\46.jpg
1.183956624158812,1.3648541414421536,0.039658342085322984,0.036391717315361324,0.0013824616286075796,0.04239675253797278,1.2592852126673643e-05,228625.5,3972.6875029802322,cuchillo,C:\Users\harie\Documents\Escuela\5_semestre\vision\Proyecto\data\46.jpg
1.215006320381869,1.4378346777361934,0.05728737542867573,0.05296970081535019,0.0029178310869936593,0.0634421299722329,2.0382444592601933e-05,227108.5,4022.51087641716,cuchillo,C:\Users\harie\Documents\Escuela\5_semestre\vision\Proyecto\data\46.jpg
1.2113404359541644,1.429158745940799,0.05376772259501389,0.049591191084693995,0.0025607090455661823,0.05926605516739513,1.4942877153685508e-05,226960.5,4008.996159553528,cuchillo,C:\Users\harie\Documents\Escuela\5_semestre\vision\Proyecto\data\46.jpg
1.1928196664770812,1.385016455836254,0.05702224451394098,0.05273613947311026,0.0028918620514466454,0.06204313560837958,1.651649940959872e-05,256700.5,4222.854023337364,cuchillo,C:\Users\harie\Documents\Escuela\5_semestre\vision\Proyecto\data\47.jpg
0.8121971838435209,0.6030416537268188,0.2776948251650518,0.243790442578537,0.06343168022914367,0.18931313676748046,0.00022332267911500878,307772.0,4065.062171936035,cuchara,C:\Users\harie\Documents\Escuela\5_semestre\vision\Proyecto\data\47.jpg
0.7550204540766416,0.5134705905346996,0.22767631721755877,0.19580071585224643,0.04134093580040538,0.1403033373618884,1.744252419972063e-05,335571.5,4117.991108059883,cuchara,C:\Users\harie\Documents\Escuela\5_semestre\vision\Proyecto\data\47.jpg
0.7432287572189771,0.4959896004929278,0.21064914788949607,0.1798770242457183,0.03501412829156615,0.12667542471413668,2.0732003890764315e-05,344330.5,4144.902793884277,cuchara,C:\Users\harie\Documents\Escuela\5_semestre\vision\Proyecto\data\47.jpg
1.0102538362160214,0.9617336075967075,0.16624282125534953,0.13841303604744185,0.020996011632116365,0.13573715992237517,1.673021808592601e-05,260276.0,6727.464194178581,tenedor,C:\Users\harie\Documents\Escuela\5_semestre\vision\Proyecto\data\48.jpg
0.8122152364214137,0.6030742284714233,0.2774953185568362,0.2435856503493557,0.06332900710464164,0.1891594288284079,0.0002233906655987536,307693.0,4059.807339787483,cuchara,C:\Users\harie\Documents\Escuela\5_semestre\vision\Proyecto\data\48.jpg
0.7554108763017052,0.5140182486878784,0.2280099136027709,0.19609422753884923,0.04146427203823278,0.14058873687028775,1.6415539641453794e-05,335380.5,4120.133244514465,cuchara,C:\Users\harie\Documents\Escuela\5_semestre\vision\Proyecto\data\48.jpg
0.7448967882069012,0.4983629624700256,0.2127758929424135,0.1818324105630218,0.035765811190746004,0.12835829502090876,2.1114020206768145e-05,343231.0,4133.346443295479,cuchara,C:\Users\harie\Documents\Escuela\5_semestre\vision\Proyecto\data\48.jpg
0.16803327516559668,0.00037823298717712487,1.8293961822747346e-06,5.812378323398855e-08,1.881137252014027e-14,-2.729965606204257e-10,2.3150835046493213e-15,315612.5,2317.7716398239136,te,C:\Users\harie\Documents\Escuela\5_semestre\vision\Proyecto\data\49.jpg
0.812942976421841,0.6042534390495652,0.2772706691022116,0.24337944892925695,0.06322299322113764,0.18918376836960968,0.0002256930260806922,308073.5,4095.932230234146,cuchara,C:\Users\harie\Documents\Escuela\5_semestre\vision\Proyecto\data\49.jpg
0.7517989564621297,0.508841796478529,0.2227634820145893,0.19128259307686493,0.03948527224158563,0.13644680219911584,1.6513695854534268e-05,337360.5,4154.902794837952,cuchara,C:\Users\harie\Documents\Escuela\5_semestre\vision\Proyecto\data\49.jpg
0.7420976301814763,0.4944856436308836,0.20866933376863167,0.1781027544142756,0.034334853985660954,0.1252359643377613,1.8628027512394407e-05,344874.5,4168.701784610748,cuchara,C:\Users\harie\Documents\Escuela\5_semestre\vision\Proyecto\data\49.jpg
0.3136187805181383,0.0712526601014372,1.8084163863758796e-05,1.8414391293879206e-06,8.363647583832443e-12,3.994876577473267e-07,-6.555098193534461e-12,194661.0,2288.440686225891,encendedor,C:\Users\harie\Documents\Escuela\5_semestre\vision\Proyecto\data\5.jpg
0.30597155390681086,0.06656335763652058,5.91864912484188e-06,4.735978803529987e-07,5.217877415199825e-13,8.340589777021742e-08,5.970340777260471e-13,204328.0,2564.2985508441925,encendedor,C:\Users\harie\Documents\Escuela\5_semestre\vision\Proyecto\data\5.jpg
0.31203962559333015,0.07005603525811266,1.1153997685906385e-05,1.4439909466776476e-06,9.077296767843921e-13,-1.584070317564226e-07,-5.723580402308089e-12,186559.0,2681.0924878120422,encendedor,C:\Users\harie\Documents\Escuela\5_semestre\vision\Proyecto\data\5.jpg
0.3110749602129148,0.06959096845525053,2.0967420027119762e-05,1.713129181108939e-06,-1.0250613307958924e-11,-4.2835316487911923e-07,5.857158406066017e-13,185414.0,2188.867092847824,encendedor,C:\Users\harie\Documents\Escuela\5_semestre\vision\Proyecto\data\5.jpg
0.30813166789555463,0.06790170401759706,1.2602080936042734e-06,5.546945312195636e-08,-4.357881598299581e-15,1.1265084437638568e-08,1.400324226947324e-14,190396.5,2197.7960250377655,encendedor,C:\Users\harie\Documents\Escuela\5_semestre\vision\Proyecto\data\5.jpg
1.1886480796340793,1.375076640675463,0.05682022639142063,0.05254310745058344,0.0028708969103142866,0.06158948449911794,1.6886597028697314e-05,258370.0,4226.611382126808,cuchillo,C:\Users\harie\Documents\Escuela\5_semestre\vision\Proyecto\data\50.jpg
1.0507587505787739,1.0449744981806584,0.1722333323182642,0.1444976023845047,0.022795516846796218,0.14771062404303859,-1.6956676382284645e-05,237586.5,6644.854023337364,tenedor,C:\Users\harie\Documents\Escuela\5_semestre\vision\Proyecto\data\50.jpg
1.0548980877856498,1.0523256247512756,0.162054562111307,0.13511693583347525,0.01999322585560598,0.13855292922872514,0.00015133175054254672,233945.0,6640.351497530937,tenedor,C:\Users\harie\Documents\Escuela\5_semestre\vision\Proyecto\data\50.jpg
1.043965783766489,1.030732385491392,0.1574601911675188,0.13103637365265103,0.018822215768594452,0.13302539710240555,-6.307071401673379e-05,240711.5,6666.912899374962,tenedor,C:\Users\harie\Documents\Escuela\5_semestre\vision\Proyecto\data\50.jpg
0.7338765420533284,0.4822097098396953,0.21074426082417186,0.17982116806397205,0.035005682902686505,0.1248684214819386,5.5473915801957166e-05,362514.5,4242.299760818481,cuchara,C:\Users\harie\Documents\Escuela\5_semestre\vision\Proyecto\data\51.jpg
1.0509878891023519,1.0454103451471572,0.17183099103086588,0.14407788808708882,0.022669746014883592,0.1473124989847423,-1.4904450316786944e-05,237386.0,6644.611384630203,tenedor,C:\Users\harie\Documents\Escuela\5_semestre\vision\Proyecto\data\51.jpg
1.0539511073982688,1.0503319682232313,0.1614576386961752,0.1345607933700038,0.019833264461975388,0.13784953753509552,0.00015289238998860387,234121.0,6641.464194059372,tenedor,C:\Users\harie\Documents\Escuela\5_semestre\vision\Proyecto\data\51.jpg
1.0444017175510591,1.031610502670231,0.1579156992318466,0.1314317278094094,0.01893479313791776,0.1334838928271603,-6.314294888305056e-05,240565.5,6670.569753170013,tenedor,C:\Users\harie\Documents\Escuela\5_semestre\vision\Proyecto\data\51.jpg
0.16806659241883484,0.00036820549191727815,1.025796991427009e-06,2.4397231128880094e-08,3.575343415989676e-15,-1.9247526358717625e-10,1.4537463166861861e-15,319705.0,2402.617311835289,te,C:\Users\harie\Documents\Escuela\5_semestre\vision\Proyecto\data\52.jpg
1.0510884385892185,1.0456268450170527,0.17201408424850137,0.14426562499547757,0.022726165671819322,0.1475194927651176,-1.744049852314992e-05,237439.0,6647.43980884552,tenedor,C:\Users\harie\Documents\Escuela\5_semestre\vision\Proyecto\data\52.jpg
1.051916792524763,1.0462651911464118,0.1597761249968876,0.1331142822341215,0.01941244185012313,0.13610425028365686,0.00014878973300477003,234323.0,6644.635767459869,tenedor,C:\Users\harie\Documents\Escuela\5_semestre\vision\Proyecto\data\52.jpg
1.043511682817949,1.0297713070097592,0.15712710282198772,0.13071717313434383,0.018733637283061315,0.13263996278319232,-6.247680891865017e-05,240753.5,6665.1139088869095,tenedor,C:\Users\harie\Documents\Escuela\5_semestre\vision\Proyecto\data\52.jpg
0.16993381049934592,0.0010662706181286995,6.245352361460913e-07,1.549327900305835e-08,-3.939647084301267e-16,-9.681342725285847e-11,-1.4722292365502803e-15,306216.0,2317.8376549482346,te,C:\Users\harie\Documents\Escuela\5_semestre\vision\Proyecto\data\53.jpg
0.16849003505831978,0.0004611826466942678,4.239803230551601e-07,1.505336548567592e-08,1.1817276466493382e-15,1.749348620993683e-11,-2.2311488527088014e-16,284242.0,2286.759447336197,te,C:\Users\harie\Documents\Escuela\5_semestre\vision\Proyecto\data\53.jpg
1.2074269176987957,1.4193497325665112,0.052078308487819684,0.047931127094072455,0.002394626783844346,0.05694272176964037,2.1226397582340507e-05,237833.0,4061.5575606822968,cuchillo,C:\Users\harie\Documents\Escuela\5_semestre\vision\Proyecto\data\53.jpg
0.16841530110416048,0.0005028021824172803,8.191823297318847e-06,3.018993081940959e-07,-3.297183858555124e-13,-6.713444983522875e-09,3.4160290142083036e-13,277677.0,2269.6122596263885,te,C:\Users\harie\Documents\Escuela\5_semestre\vision\Proyecto\data\53.jpg
0.16991520126115717,0.0010535714523027505,6.580116326201933e-07,1.5403911483369835e-08,-6.5666796550676045e-16,-1.6267211502087168e-10,-1.4049380961317088e-15,306146.5,2324.2224311828613,te,C:\Users\harie\Documents\Escuela\5_semestre\vision\Proyecto\data\54.jpg
0.16848028969598408,0.00045757546112181136,4.1702487918350527e-07,1.5117666814513132e-08,1.0862240244943045e-15,-9.136388836938268e-11,5.108415447266827e-16,284396.5,2292.8010773658752,te,C:\Users\harie\Documents\Escuela\5_semestre\vision\Proyecto\data\54.jpg
0.7490529232353053,0.5047095170820177,0.21898627524868716,0.18761581726840854,0.03802878738458724,0.13328381742683065,3.110214938772493e-05,338817.0,4127.973863005638,cuchara,C:\Users\harie\Documents\Escuela\5_semestre\vision\Proyecto\data\54.jpg
0.16842178078188522,0.0004957933774661823,8.360435850560432e-06,3.124033481162453e-07,-3.7699760574057987e-13,-6.92361822832661e-09,3.358219747990022e-13,277554.5,2281.653890132904,te,C:\Users\harie\Documents\Escuela\5_semestre\vision\Proyecto\data\54.jpg
0.16974535192597365,0.0010561751315539946,1.5235797214428612e-06,3.881617719068345e-08,-8.267043465080491e-15,-1.2497348738373123e-09,4.556454585828488e-15,308232.5,2310.281306385994,te,C:\Users\harie\Documents\Escuela\5_semestre\vision\Proyecto\data\55.jpg
0.16840943352261167,0.00047731164891532356,1.697914191505379e-07,2.8628377787625862e-09,3.797066993640862e-17,4.8315055823607964e-11,-5.0419297430263394e-17,286513.0,2252.4751765727997,te,C:\Users\harie\Documents\Escuela\5_semestre\vision\Proyecto\data\55.jpg
1.0326775967609172,1.0093706451242275,0.1658679155003429,0.13968766692974408,0.021262693448878215,0.1403380095508455,-4.83861920425716e-06,248332.0,6600.611384630203,tenedor,C:\Users\harie\Documents\Escuela\5_semestre\vision\Proyecto\data\55.jpg
0.16847390772633541,0.0005115594277014308,8.6429200220364e-06,3.2204936990198886e-07,-2.807654688865452e-13,-7.070405833760207e-09,4.581027931105692e-13,280066.0,2272.4995616674423,te,C:\Users\harie\Documents\Escuela\5_semestre\vision\Proyecto\data\55.jpg
0.3098993349412013,0.06886337429203897,3.222690599844051e-05,2.831888506665179e-06,-2.5121990372086966e-11,-6.404687301307405e-07,1.0038810142523168e-11,189206.0,2244.239676117897,encendedor,C:\Users\harie\Documents\Escuela\5_semestre\vision\Proyecto\data\56.jpg
1.2204270611824701,1.4512155736862944,0.052772108461937424,0.048722509362820444,0.0024704924869843074,0.05858362097039134,1.923075042004528e-05,251553.0,4177.533176660538,cuchillo,C:\Users\harie\Documents\Escuela\5_semestre\vision\Proyecto\data\56.jpg
0.309879579437229,0.06884703412761017,3.422731150071591e-05,3.051185237317985e-06,-2.7907900250446837e-11,-6.660040901183111e-07,1.3906845606662517e-11,183353.5,2210.281305670738,encendedor,C:\Users\harie\Documents\Escuela\5_semestre\vision\Proyecto\data\57.jpg
0.756557478439362,0.5159237336786853,0.2192905606688946,0.18780677494218176,0.0381132743581958,0.13488994228095627,6.28373002823342e-05,351024.0,4183.346444487572,cuchara,C:\Users\harie\Documents\Escuela\5_semestre\vision\Proyecto\data\57.jpg
0.31013733177127084,0.06900908915011765,3.379189050470195e-05,2.998435908952335e-06,-2.7013839758875238e-11,-6.549057206930812e-07,1.3461322444973915e-11,183153.5,2210.139169692993,encendedor,C:\Users\harie\Documents\Escuela\5_semestre\vision\Proyecto\data\58.jpg
1.0469616965026889,1.038407748720982,0.1691981508438976,0.14241627017964673,0.022107370967686495,0.1451214255376281,1.6344375967851203e-05,249236.5,6670.393126249313,tenedor,C:\Users\harie\Documents\Escuela\5_semestre\vision\Proyecto\data\58.jpg
0.16890552238116835,0.0006142074794707535,2.480982070901856e-07,1.4164283327457626e-10,6.649383603561126e-19,-1.2689360040317e-13,-5.127248040506188e-19,299704.0,2294.4751764535904,te,C:\Users\harie\Documents\Escuela\5_semestre\vision\Proyecto\data\59.jpg
0.3121359380833949,0.07023062460191704,3.5676919141159446e-05,3.272616332305855e-06,-2.8170493128451363e-11,-6.460891349886307e-07,2.1375019012747837e-11,180856.0,2248.8670922517776,encendedor,C:\Users\harie\Documents\Escuela\5_semestre\vision\Proyecto\data\59.jpg
1.2185438424550823,1.4473312146130717,0.053444823943237546,0.04945326554186433,0.0025423489126479354,0.05941913145020711,1.7368388442350416e-05,242998.0,4103.391043066978,cuchillo,C:\Users\harie\Documents\Escuela\5_semestre\vision\Proyecto\data\6.jpg
1.246851360065458,1.516618616642487,0.05161650045002468,0.04761954328217062,0.0023607980162218124,0.05852246526850212,-1.8466079503039266e-05,254278.0,4234.930145263672,cuchillo,C:\Users\harie\Documents\Escuela\5_semestre\vision\Proyecto\data\60.jpg
0.31195779444894417,0.07017819427357315,1.8360365155973577e-05,1.5127080874385032e-06,-7.877251969167085e-12,-3.953368903252293e-07,-1.2261562372934924e-12,181133.0,2182.18079996109,encendedor,C:\Users\harie\Documents\Escuela\5_semestre\vision\Proyecto\data\60.jpg
0.3110802718010967,0.06970721849560069,1.6450616620633917e-06,1.9957536283673575e-07,1.0928878822306189e-13,1.2133248513934579e-08,3.3657174576103613e-14,182825.5,2169.10973405838,encendedor,C:\Users\harie\Documents\Escuela\5_semestre\vision\Proyecto\data\60.jpg
0.7818851647935301,0.5540834308947095,0.23868228111018805,0.20529731454849823,0.04544486725295973,0.15281648430190714,3.820486632829644e-05,351733.5,4230.216503858566,cuchara,C:\Users\harie\Documents\Escuela\5_semestre\vision\Proyecto\data\61.jpg
0.3132037029784084,0.07090039278598108,2.2277932145335007e-05,2.2801152730586136e-06,-3.3368410973412666e-12,-1.5185158977323017e-07,1.5904447060990637e-11,176955.5,2289.192992568016,encendedor,C:\Users\harie\Documents\Escuela\5_semestre\vision\Proyecto\data\61.jpg
0.30945275566047115,0.06870886598699587,1.656035212704115e-05,2.834933241596568e-06,1.7646009316669232e-11,6.43664856139657e-07,-8.119614963191258e-12,182480.0,2366.8914778232574,encendedor,C:\Users\harie\Documents\Escuela\5_semestre\vision\Proyecto\data\61.jpg
1.068347418683308,1.0834968507978773,0.18019861056836917,0.1523599292884995,0.025245367895682214,0.1585917603072213,2.158083187818287e-05,255418.0,6603.23879981041,tenedor,C:\Users\harie\Documents\Escuela\5_semestre\vision\Proyecto\data\62.jpg
0.313255028124496,0.07092846920873941,2.3767584574940637e-05,2.5261050266283782e-06,-2.1616277013203837e-12,-1.1753782989862872e-07,1.9453824210546965e-11,177286.0,2290.5483317375183,encendedor,C:\Users\harie\Documents\Escuela\5_semestre\vision\Proyecto\data\62.jpg
0.3095536620225608,0.0687714188698254,1.7590908974488993e-05,3.2487372560287017e-06,2.2823925895949778e-11,7.569778376479956e-07,-9.067950911180427e-12,182724.0,2372.0630499124527,encendedor,C:\Users\harie\Documents\Escuela\5_semestre\vision\Proyecto\data\62.jpg
0.16870385966646245,0.0005494558703201859,1.0846679971221307e-06,5.114001231635406e-10,-4.5004762010856354e-20,5.076274341497536e-12,1.2044440317606424e-17,308634.5,2356.5168067216873,te,C:\Users\harie\Documents\Escuela\5_semestre\vision\Proyecto\data\63.jpg
0.3131767475629297,0.07090031141718313,2.5435648588796575e-05,2.7945692809641597e-06,-6.288375100515383e-13,-7.93719803919764e-08,2.3552607289194173e-11,176550.0,2347.6610292196274,encendedor,C:\Users\harie\Documents\Escuela\5_semestre\vision\Proyecto\data\63.jpg
0.30960042611877187,0.06877340941455894,1.8553762555855537e-05,3.5846560473888577e-06,2.7295246776655446e-11,8.377158457627819e-07,-1.046863351429512e-11,182280.0,2443.6610296964645,encendedor,C:\Users\harie\Documents\Escuela\5_semestre\vision\Proyecto\data\63.jpg
0.31902219736097576,0.07449681502043147,1.2387123998390164e-05,1.1168196804446312e-06,-3.9985362675646656e-13,-1.0728437725753485e-08,4.134646742094036e-12,188178.5,2452.9919831752777,encendedor,C:\Users\harie\Documents\Escuela\5_semestre\vision\Proyecto\data\64.jpg
1.2139508060751598,1.4349522486865047,0.05509041258570363,0.05081358331474883,0.0026884046099329715,0.06076667438663365,2.089249841194567e-05,232745.5,4043.3149201869965,cuchillo,C:\Users\harie\Documents\Escuela\5_semestre\vision\Proyecto\data\64.jpg
1.2068240752010648,1.4190124159690694,0.04643965217327096,0.04280198355763791,0.0019082125506191968,0.050887928182559015,1.5087784681331549e-05,226818.0,3968.160589694977,cuchillo,C:\Users\harie\Documents\Escuela\5_semestre\vision\Proyecto\data\64.jpg
0.31888967551960123,0.07438191295010528,1.5968877465227953e-05,1.3048117636415188e-06,-3.1232775184102893e-12,-1.4106604152348697e-07,5.071466855535524e-12,189921.5,2387.39400434494,encendedor,C:\Users\harie\Documents\Escuela\5_semestre\vision\Proyecto\data\65.jpg
0.7994690580785799,0.5821892984994379,0.26243045052794184,0.22882083759134833,0.05607232259939489,0.17458655761241998,0.00016690252569184685,314338.0,4089.322057247162,cuchara,C:\Users\harie\Documents\Escuela\5_semestre\vision\Proyecto\data\65.jpg
0.7507587691770983,0.5069806018655855,0.21915890601266377,0.18773531478303332,0.038080113488318114,0.1336663811569971,4.406049199388558e-05,340988.5,4145.044927358627,cuchara,C:\Users\harie\Documents\Escuela\5_semestre\vision\Proyecto\data\65.jpg
0.32442789995449506,0.07742336397053386,2.0552824757389014e-05,2.4984765093667017e-05,5.65846993685737e-10,6.654201595981299e-06,-1.9191758652753018e-11,184598.0,3305.7097997665405,encendedor,C:\Users\harie\Documents\Escuela\5_semestre\vision\Proyecto\data\66.jpg
1.0472329039153514,1.0376452061468948,0.15750272086348058,0.13101964179120718,0.018821243000715162,0.1334628328318803,-2.3551598942625956e-05,238713.0,6686.777903795242,tenedor,C:\Users\harie\Documents\Escuela\5_semestre\vision\Proyecto\data\66.jpg
1.0635213186136079,1.070468540369326,0.16392285642818238,0.13658336358632164,0.020436467616793907,0.14125976654883354,0.00014299348884350051,229909.5,6663.1038028001785,tenedor,C:\Users\harie\Documents\Escuela\5_semestre\vision\Proyecto\data\66.jpg
0.3160933359707678,0.07265512839142736,2.8057592189275833e-05,2.6055478644497176e-06,-1.1449595785547829e-11,-3.35532267279185e-07,1.911048184792241e-11,183625.5,2282.2813061475754,encendedor,C:\Users\harie\Documents\Escuela\5_semestre\vision\Proyecto\data\67.jpg
0.16868888440726593,0.0005227525245639881,3.7790983629856886e-07,2.483310520382498e-09,-4.927276503286638e-17,3.664871106375959e-11,-5.796175513459268e-17,296979.0,2324.7005717754364,te,C:\Users\harie\Documents\Escuela\5_semestre\vision\Proyecto\data\67.jpg
0.16891046323647207,0.0005502511332949891,1.5712549320412565e-06,5.578151570312029e-08,1.1170018843179746e-14,8.158104749966467e-10,-1.2163513251594904e-14,277193.5,2213.4873690605164,te,C:\Users\harie\Documents\Escuela\5_semestre\vision\Proyecto\data\67.jpg
0.31308386502166907,0.07083674273285441,1.2650650841023773e-05,2.6238008081140586e-06,1.4393152922952353e-11,6.323232713533915e-07,4.620311358779216e-12,188182.0,2468.925967812538,encendedor,C:\Users\harie\Documents\Escuela\5_semestre\vision\Proyecto\data\68.jpg
0.3125067242840775,0.07049670167286566,2.110605850900091e-05,1.8358308916998049e-06,-7.82925897656131e-12,-2.9765286139764446e-07,8.324137882122224e-12,190050.0,2329.2102385759354,encendedor,C:\Users\harie\Documents\Escuela\5_semestre\vision\Proyecto\data\68.jpg
0.3063602860342519,0.0667856257780993,7.439525480618646e-06,6.433330852140404e-07,1.3003368532193977e-12,1.5340045902746966e-07,5.384979346449338e-13,196473.5,2415.192993283272,encendedor,C:\Users\harie\Documents\Escuela\5_semestre\vision\Proyecto\data\68.jpg
1.2002768853000287,1.4032376061055687,0.04500712330785898,0.041424015921305124,0.0017885499234588762,0.048913199584343495,1.6221135175431903e-05,243651.0,4108.302724480629,cuchillo,C:\Users\harie\Documents\Escuela\5_semestre\vision\Proyecto\data\68.jpg
0.312749248380717,0.07067562921742242,1.9969939986486205e-05,1.6801593583101811e-06,-7.517080288008857e-12,-3.0253182517167245e-07,6.1814689832457505e-12,190101.0,2309.210237979889,encendedor,C:\Users\harie\Documents\Escuela\5_semestre\vision\Proyecto\data\69.jpg
0.3136836104067742,0.07122286326988915,1.1713747510492335e-05,2.388283049136587e-06,1.2041385677405356e-11,5.791199614318333e-07,3.817822239156529e-12,188142.0,2457.671134352684,encendedor,C:\Users\harie\Documents\Escuela\5_semestre\vision\Proyecto\data\69.jpg
0.3070288800515797,0.06719299283450236,8.238856087422573e-06,8.626479084023772e-07,2.217935154242703e-12,2.1453824394455838e-07,6.080225687857111e-13,196430.0,2421.4945088624954,encendedor,C:\Users\harie\Documents\Escuela\5_semestre\vision\Proyecto\data\69.jpg
0.7362620695014892,0.48616915914118414,0.20534522262363872,0.1749056044975564,0.03314727645216996,0.12194928643445144,-1.4229316769259846e-05,345807.5,4125.103803396225,cuchara,C:\Users\harie\Documents\Escuela\5_semestre\vision\Proyecto\data\69.jpg
1.2179161250302728,1.4456073263787084,0.04918716778071654,0.04544470306606525,0.0021485110524054694,0.0545343600213413,1.6764977947721207e-05,245901.5,4112.805257678032,cuchillo,C:\Users\harie\Documents\Escuela\5_semestre\vision\Proyecto\data\7.jpg
1.177090118469251,1.3485290618104786,0.03977989648576279,0.036435565979068815,0.0013870760567502867,0.04217598595864425,1.325523369054433e-05,228143.5,3905.550419807434,cuchillo,C:\Users\harie\Documents\Escuela\5_semestre\vision\Proyecto\data\7.jpg
0.31258276882688024,0.07056641763597953,2.039976076556324e-05,1.7830160159939579e-06,-6.5745564655965104e-12,-2.554034530220226e-07,8.509442244140158e-12,189168.5,2286.139170527458,encendedor,C:\Users\harie\Documents\Escuela\5_semestre\vision\Proyecto\data\70.jpg
0.3137841260935663,0.07128387992074449,1.4515662602541983e-05,3.276139331461146e-06,2.1694665135271265e-11,8.003051172473013e-07,6.30532506767151e-12,186902.0,2454.156415939331,encendedor,C:\Users\harie\Documents\Escuela\5_semestre\vision\Proyecto\data\70.jpg
0.30693529953364,0.06713320707963576,8.379533210695712e-06,8.744112665321498e-07,2.307044305816496e-12,2.1985015999600497e-07,5.290137931108802e-13,194986.5,2405.109732747078,encendedor,C:\Users\harie\Documents\Escuela\5_semestre\vision\Proyecto\data\70.jpg
1.031959067270934,1.0064978227287027,0.16800047171677798,0.1412384322604744,0.02175596596925972,0.1416831465632329,-0.0001163659066059676,243528.5,6543.76571059227,tenedor,C:\Users\harie\Documents\Escuela\5_semestre\vision\Proyecto\data\70.jpg
0.31130684280213294,0.06975886113858636,2.2298715277991475e-05,1.8845288094526967e-06,-1.1777245047933085e-11,-4.4271793071207364e-07,3.246153278495587e-12,188421.0,2278.3229361772537,encendedor,C:\Users\harie\Documents\Escuela\5_semestre\vision\Proyecto\data\71.jpg
0.3127261789232779,0.07064055443465396,7.443563406466936e-06,9.685910351189708e-07,2.0460541235486863e-12,1.8797956565729492e-07,1.6055033984694215e-12,186770.0,2459.6366440057755,encendedor,C:\Users\harie\Documents\Escuela\5_semestre\vision\Proyecto\data\71.jpg
0.306534378564429,0.06689334262999298,5.401780318570427e-06,3.034661998195842e-07,3.597590678514016e-13,7.346005034918923e-08,1.467497940979964e-13,194001.0,2396.2640607357025,encendedor,C:\Users\harie\Documents\Escuela\5_semestre\vision\Proyecto\data\71.jpg
0.16896492854452697,0.0005564843205064506,3.0759549043687834e-07,9.18210167374915e-09,3.725155940811531e-16,1.9115188915743341e-10,-3.1521076260648445e-16,295406.0,2336.832602262497,te,C:\Users\harie\Documents\Escuela\5_semestre\vision\Proyecto\data\71.jpg
0.3163858298671704,0.07282415044098309,2.154491529660069e-05,1.8521843377496962e-06,-7.48437702002025e-12,-2.7475174578512063e-07,8.99345308127049e-12,195696.0,2375.494509100914,encendedor,C:\Users\harie\Documents\Escuela\5_semestre\vision\Proyecto\data\72.jpg
1.172645402303845,1.3382840071036548,0.03844355226025402,0.03523565232817763,0.0012967876185332762,0.040678687187940446,1.1261060845030768e-05,232403.5,3940.805253148079,cuchillo,C:\Users\harie\Documents\Escuela\5_semestre\vision\Proyecto\data\72.jpg
1.2021336134047895,1.4070236527291984,0.055592839140662056,0.05133763498019686,0.002742536990307432,0.06082612758571485,1.926964893240199e-05,233381.0,4013.2732894420624,cuchillo,C:\Users\harie\Documents\Escuela\5_semestre\vision\Proyecto\data\72.jpg
1.1785941864675453,1.3512781339513542,0.04502817947880331,0.041339328331072574,0.0017835011328737672,0.04798670435571008,1.4284335555660963e-05,240229.0,4082.0428416728973,cuchillo,C:\Users\harie\Documents\Escuela\5_semestre\vision\Proyecto\data\72.jpg
0.3166472460197254,0.07299668470737106,2.3004108074445865e-05,2.0013723108390282e-06,-8.695002014862279e-12,-3.0237908750903727e-07,1.0431149984154308e-11,194108.0,2342.523946404457,encendedor,C:\Users\harie\Documents\Escuela\5_semestre\vision\Proyecto\data\73.jpg
0.7889584225598159,0.5659197783911638,0.2510092822775347,0.21828590209726156,0.051095317444428384,0.16420662607025438,0.00016705256904171045,319872.5,4066.5352640151978,cuchara,C:\Users\harie\Documents\Escuela\5_semestre\vision\Proyecto\data\73.jpg
0.7525144608761665,0.5098117491911786,0.22382273340056918,0.19220336113602207,0.039865161201638855,0.13723351081183638,1.7138658469998888e-05,338641.5,4150.986057043076,cuchara,C:\Users\harie\Documents\Escuela\5_semestre\vision\Proyecto\data\73.jpg
0.743586754643518,0.49668182770755637,0.2067238290739004,0.17628983644640245,0.03365394933489432,0.12423439198282828,2.7598754141888032e-05,349728.0,4171.973862171173,cuchara,C:\Users\harie\Documents\Escuela\5_semestre\vision\Proyecto\data\73.jpg
0.3164466549669256,0.07286716130021016,2.283190285334293e-05,1.9860846261559585e-06,-8.63774532452522e-12,-3.029531291348006e-07,1.021070370453692e-11,194245.0,2355.4945089817047,encendedor,C:\Users\harie\Documents\Escuela\5_semestre\vision\Proyecto\data\74.jpg
1.040398751959058,1.0237012653166433,0.15367060661030577,0.12826451014603507,0.018007243489848536,0.12975232519151797,0.00010879373833634198,238394.5,6618.79514837265,tenedor,C:\Users\harie\Documents\Escuela\5_semestre\vision\Proyecto\data\74.jpg
1.0325924890967617,1.0083537367085191,0.1564921235991738,0.1306958105167648,0.018691262181777673,0.1312405177940657,-1.3436534465194866e-05,246446.0,6688.528123140335,tenedor,C:\Users\harie\Documents\Escuela\5_semestre\vision\Proyecto\data\74.jpg
1.0410508715929008,1.025491600518085,0.16897294376253005,0.14199291931479283,0.021994218865076097,0.14379035518274078,1.2923620311274756e-05,240898.5,6689.883460521698,tenedor,C:\Users\harie\Documents\Escuela\5_semestre\vision\Proyecto\data\74.jpg
0.316041360212298,0.07259517023827008,2.152680992478335e-05,1.8270984404779304e-06,-8.375258372819571e-12,-3.121436723401662e-07,7.820184542118431e-12,196672.5,2366.565575838089,encendedor,C:\Users\harie\Documents\Escuela\5_semestre\vision\Proyecto\data\75.jpg
0.16751291510941366,0.0002856545623804831,9.486841597032632e-06,1.0154586080469445e-07,-6.146107398613268e-14,-1.7085322666987305e-09,-7.846129170048223e-14,295296.0,2282.984842777252,te,C:\Users\harie\Documents\Escuela\5_semestre\vision\Proyecto\data\75.jpg
0.16767914750357765,0.00043708154179113016,3.488617539127929e-06,7.907469727228606e-08,-3.6952116129087306e-14,-1.1003818171544066e-09,-1.8959147179819623e-14,291946.5,2334.9919831752777,te,C:\Users\harie\Documents\Escuela\5_semestre\vision\Proyecto\data\75.jpg
0.16907068271864595,0.0006208536088322039,1.3158218030513388e-06,3.7274763762440424e-08,7.85719734616479e-15,-1.7512358148812192e-10,2.5319302663627245e-15,285367.0,2254.4995621442795,te,C:\Users\harie\Documents\Escuela\5_semestre\vision\Proyecto\data\75.jpg
0.3185573777836065,0.0740377870683207,4.061342383049597e-05,1.3030833268692711e-05,2.9521625445003543e-10,3.4758488454724825e-06,-5.207158815121199e-11,191098.5,2514.222430586815,encendedor,C:\Users\harie\Documents\Escuela\5_semestre\vision\Proyecto\data\76.jpg
0.31201586034604323,0.07024642303596416,2.854977853247278e-06,2.1624943598039387e-07,1.4428347020228651e-13,4.894191986025492e-08,8.974224349546898e-14,201146.5,2491.8792848587036,encendedor,C:\Users\harie\Documents\Escuela\5_semestre\vision\Proyecto\data\76.jpg
0.3068307237540841,0.06708645875722138,1.311673615459836e-05,1.3687440731238466e-06,2.663076910095331e-12,1.4990796915208547e-07,5.1520002907014075e-12,181822.5,2175.57062959671,encendedor,C:\Users\harie\Documents\Escuela\5_semestre\vision\Proyecto\data\76.jpg
0.3063589594842829,0.06667010688024035,1.3763942319070386e-05,1.1221551842466637e-06,-3.1466541020556877e-12,-2.80738402098256e-07,-3.0899452735894784e-12,193015.0,2418.666081905365,encendedor,C:\Users\harie\Documents\Escuela\5_semestre\vision\Proyecto\data\76.jpg
1.2031144955718849,1.4092667426613141,0.05652461129493284,0.05221446642975288,0.0028365742743343752,0.06191035455698304,2.0096270863903252e-05,234841.0,4011.3910431861877,cuchillo,C:\Users\harie\Documents\Escuela\5_semestre\vision\Proyecto\data\76.jpg
0.31852711286682295,0.07403491166989595,3.983253505609148e-05,1.2778385359150245e-05,2.8276245858235617e-10,3.3815760610096268e-06,-5.619434844615105e-11,190935.0,2505.7787796258926,encendedor,C:\Users\harie\Documents\Escuela\5_semestre\vision\Proyecto\data\77.jpg
0.3119200921619355,0.0701785192464466,2.9602426417208556e-06,2.3420698743170827e-07,1.66137150325256e-13,5.296102129003085e-08,1.0211999585982314e-13,201308.0,2488.808217048645,encendedor,C:\Users\harie\Documents\Escuela\5_semestre\vision\Proyecto\data\77.jpg
0.3068797693076284,0.06711120202347032,1.3141937459350214e-05,1.3264881659498302e-06,1.855165512997258e-12,1.0509513513413541e-07,5.2184575246072424e-12,181831.5,2181.0264723300934,encendedor,C:\Users\harie\Documents\Escuela\5_semestre\vision\Proyecto\data\77.jpg
0.3061076480175243,0.06652658769733213,1.5291399707877355e-05,1.172336772549519e-06,-4.4555148787150085e-12,-3.023762436305574e-07,-2.1877677560131983e-12,192594.0,2389.2346239089966,encendedor,C:\Users\harie\Documents\Escuela\5_semestre\vision\Proyecto\data\77.jpg
0.753043553386598,0.510654422232364,0.22357013622484842,0.19209832782553804,0.03980995190269744,0.1372668580609446,6.724091637046615e-05,339619.5,4136.819531798363,cuchara,C:\Users\harie\Documents\Escuela\5_semestre\vision\Proyecto\data\77.jpg
0.31862498823532476,0.07408257328179337,4.422964273691066e-05,1.5039406317737974e-05,3.8382312748099346e-10,4.03989822593609e-06,-5.5985894872940955e-11,188754.0,2506.666081547737,encendedor,C:\Users\harie\Documents\Escuela\5_semestre\vision\Proyecto\data\78.jpg
0.3128996193193212,0.07078963740553885,4.260118047061279e-06,5.41694097418387e-07,8.208856122771908e-13,1.4336881734827842e-07,5.740511206727465e-14,197972.5,2470.340181350708,encendedor,C:\Users\harie\Documents\Escuela\5_semestre\vision\Proyecto\data\78.jpg
0.30654218389650756,0.06691223034913771,1.3629504724116381e-05,1.376042822265852e-06,2.0133533969132944e-12,1.1069621971591271e-07,5.608785316601144e-12,179749.0,2163.7543939352036,encendedor,C:\Users\harie\Documents\Escuela\5_semestre\vision\Proyecto\data\78.jpg
0.3063316886440478,0.06666249275498506,1.5267600775506923e-05,1.2211618314878374e-06,-4.380031210771973e-12,-3.128664053986495e-07,-2.9356855740932116e-12,189953.5,2410.4234414100647,encendedor,C:\Users\harie\Documents\Escuela\5_semestre\vision\Proyecto\data\78.jpg
1.0446200351920372,1.0328696746738804,0.16143413353974428,0.13511160491487273,0.01995430627259287,0.13731385726337925,7.276625100388406e-06,237712.0,6682.243852496147,tenedor,C:\Users\harie\Documents\Escuela\5_semestre\vision\Proyecto\data\78.jpg
0.3184971100513076,0.07406815738600772,3.5765426274636595e-05,1.0597793701911839e-05,2.0377250215419036e-10,2.84634045855337e-06,-3.236308284652878e-11,188097.0,2481.5432784557343,encendedor,C:\Users\harie\Documents\Escuela\5_semestre\vision\Proyecto\data\79.jpg
0.311985615271851,0.0702660424471117,1.0956653625561596e-06,1.0328976066392757e-08,-2.4633389655179737e-16,1.8739933499880744e-09,-1.0708480973656175e-15,198202.5,2426.7909717559814,encendedor,C:\Users\harie\Documents\Escuela\5_semestre\vision\Proyecto\data\79.jpg
0.3049495391712341,0.06591894416321904,1.2684895166347283e-05,1.293972799838568e-06,1.66422538262846e-12,9.415955376413261e-08,4.971241203474975e-12,181018.0,2204.4061962366104,encendedor,C:\Users\harie\Documents\Escuela\5_semestre\vision\Proyecto\data\79.jpg
0.3040822721024221,0.06531625206688899,1.1631122241242823e-05,1.0039247279398983e-06,-1.1614491457223041e-12,-2.183428179630608e-07,-3.227947223422305e-12,191471.5,2311.761535048485,encendedor,C:\Users\harie\Documents\Escuela\5_semestre\vision\Proyecto\data\79.jpg
0.16828833993550996,0.00046605695967334563,4.0251021615642333e-07,2.3066252362272958e-08,2.219039652019633e-15,2.3005753780192991e-10,-1.2509107397483555e-16,285337.5,2244.967597723007,te,C:\Users\harie\Documents\Escuela\5_semestre\vision\Proyecto\data\79.jpg
1.2492550254975952,1.5228090343515288,0.04699421343442226,0.04331818986638984,0.001954402023741593,0.05334685157872131,1.554642185693292e-05,253052.0,4218.302729249001,cuchillo,C:\Users\harie\Documents\Escuela\5_semestre\vision\Proyecto\data\8.jpg
1.180520070154885,1.3562757880228689,0.042383316831434786,0.03887456681706594,0.001577893354598477,0.045148996720802706,1.4432919468904335e-05,229013.0,3917.7930628061295,cuchillo,C:\Users\harie\Documents\Escuela\5_semestre\vision\Proyecto\data\8.jpg
1.1900964959178504,1.379890990782046,0.03827924158370242,0.035205687726001994,0.001292388278483304,0.04134467523157476,7.795583756612208e-06,231936.5,3983.83469080925,cuchillo,C:\Users\harie\Documents\Escuela\5_semestre\vision\Proyecto\data\8.jpg
0.31721388299948156,0.07330571779528253,3.0678107327710535e-05,8.793010860802272e-06,1.44226235528721e-10,2.3802442591822576e-06,-7.435800891171988e-12,188925.0,2525.0924878120422,encendedor,C:\Users\harie\Documents\Escuela\5_semestre\vision\Proyecto\data\80.jpg
1.1638864405020073,1.3180165896015705,0.03516946171472203,0.032179784927407945,0.0010825319801880192,0.03687292373215235,9.530820084241101e-06,231685.0,3925.1067683696747,cuchillo,C:\Users\harie\Documents\Escuela\5_semestre\vision\Proyecto\data\80.jpg
1.186990770315752,1.3707704111033503,0.053460661537888,0.04921606072359664,0.0025244552869651262,0.057584143673505804,1.6921043011293728e-05,233293.0,4110.493631720543,cuchillo,C:\Users\harie\Documents\Escuela\5_semestre\vision\Proyecto\data\80.jpg
1.1899294509820002,1.3780731110028361,0.04923478249711763,0.04535828910299539,0.0021434232468571643,0.05316400404134306,1.663086550909127e-05,232506.0,4036.2438517808914,cuchillo,C:\Users\harie\Documents\Escuela\5_semestre\vision\Proyecto\data\80.jpg
1.1709231955006365,1.3333932012516343,0.04166486865659113,0.03820871189315977,0.0015244528182141127,0.04405898096460908,1.2507278160281383e-05,238268.0,4061.9250925779343,cuchillo,C:\Users\harie\Documents\Escuela\5_semestre\vision\Proyecto\data\80.jpg
0.7369500635312869,0.4866445133911239,0.2111426840421837,0.17997252716514242,0.035083019246454177,0.1255483526602868,4.640102730434515e-05,370578.0,4281.027685046196,cuchara,C:\Users\harie\Documents\Escuela\5_semestre\vision\Proyecto\data\81.jpg
1.1728125376939094,1.3386947376298834,0.0379077846913397,0.03472737222958336,0.001259957007679623,0.04010017649677427,1.0936316118458008e-05,232990.5,3943.3494089841843,cuchillo,C:\Users\harie\Documents\Escuela\5_semestre\vision\Proyecto\data\81.jpg
1.200698655439936,1.403247090513275,0.05834154954456973,0.053805658449639006,0.003014544889439677,0.06369492605771464,1.9568883064676747e-05,233803.5,4037.398178577423,cuchillo,C:\Users\harie\Documents\Escuela\5_semestre\vision\Proyecto\data\81.jpg
1.2033044029628082,1.409828482590153,0.05326993269837557,0.04915272819267669,0.0025150727211881063,0.058279489272334735,1.8673028557593453e-05,233066.0,3991.391038775444,cuchillo,C:\Users\harie\Documents\Escuela\5_semestre\vision\Proyecto\data\81.jpg
1.1772490180024935,1.348165906388302,0.043549182190509884,0.03995038142821899,0.0016663145376783956,0.04631851111508299,1.3576122806324497e-05,241137.0,4065.5575590133667,cuchillo,C:\Users\harie\Documents\Escuela\5_semestre\vision\Proyecto\data\81.jpg
1.0088871443227112,0.9597273108355852,0.16446288011782773,0.13730368480450317,0.020632751697268192,0.13450953356640435,1.2737744104448113e-05,264664.0,6745.380935430527,tenedor,C:\Users\harie\Documents\Escuela\5_semestre\vision\Proyecto\data\82.jpg
1.1661247563894754,1.3232198049128163,0.035821554600351635,0.032774975613758264,0.0011229707469799814,0.03762196080516344,1.0034433942280105e-05,231828.0,3938.3616025447845,cuchillo,C:\Users\harie\Documents\Escuela\5_semestre\vision\Proyecto\data\82.jpg
1.19350660070249,1.3861532662846525,0.05603142055018338,0.05163381547348849,0.0027772036550683544,0.060751385664524926,1.8288064127759674e-05,232789.5,4088.653013110161,cuchillo,C:\Users\harie\Documents\Escuela\5_semestre\vision\Proyecto\data\82.jpg
1.1957255989895341,1.3917479584414656,0.049825248063603,0.04590681115408806,0.002195469252688526,0.054074001806034715,1.7029798390144106e-05,232331.5,4024.202222943306,cuchillo,C:\Users\harie\Documents\Escuela\5_semestre\vision\Proyecto\data\82.jpg
1.1781655350862288,1.3502923669045352,0.04336711058960716,0.039788811217100796,0.0016527501170130567,0.04616694688501689,1.3502493829174175e-05,238410.5,4026.770763039589,cuchillo,C:\Users\harie\Documents\Escuela\5_semestre\vision\Proyecto\data\82.jpg
0.1688080027307256,0.000908417009527835,9.193062564671833e-07,4.951139782290112e-08,-2.2388043473919166e-15,-8.3318019215613e-10,-1.0323034307691116e-14,322449.5,2391.2030985355377,te,C:\Users\harie\Documents\Escuela\5_semestre\vision\Proyecto\data\83.jpg
1.1707172880905605,1.3338595705519525,0.037014474481011854,0.0338906748012794,0.001200298588330418,0.03906053926045302,1.0565033282215516e-05,231708.5,3933.006262421608,cuchillo,C:\Users\harie\Documents\Escuela\5_semestre\vision\Proyecto\data\83.jpg
1.198787415403727,1.3986880427012969,0.05712964751849317,0.052673278039657,0.0028893963436440505,0.062254901445985875,1.878043575242387e-05,232696.5,4074.653013586998,cuchillo,C:\Users\harie\Documents\Escuela\5_semestre\vision\Proyecto\data\83.jpg
1.2000322906087681,1.4020121853964282,0.05268628226499699,0.048605445510160966,0.0024595973186315456,0.05746880531617994,1.8404842669778054e-05,232220.0,4014.0184584856033,cuchillo,C:\Users\harie\Documents\Escuela\5_semestre\vision\Proyecto\data\83.jpg
1.1810071677213425,1.3569368364660472,0.04469029458946806,0.04102700408943088,0.0017566989908398127,0.047723615861509784,1.4087411802856764e-05,238639.0,4044.5870000123978,cuchillo,C:\Users\harie\Documents\Escuela\5_semestre\vision\Proyecto\data\83.jpg
0.3177946154527129,0.0737375549230113,1.849685664464588e-05,1.5510589392421753e-06,-5.526811314934548e-12,-2.3562123174332846e-07,6.2028710159434305e-12,197411.5,2368.82546210289,encendedor,C:\Users\harie\Documents\Escuela\5_semestre\vision\Proyecto\data\84.jpg
0.8009749627191499,0.584665004389188,0.2645944224868081,0.23128481264349335,0.05721458099886774,0.17683312561656017,0.0002544369522300264,311752.0,4053.807340979576,cuchara,C:\Users\harie\Documents\Escuela\5_semestre\vision\Proyecto\data\84.jpg
0.7666057821815782,0.5311881851805793,0.23340266559946077,0.20138423668586566,0.04366064804061046,0.14676852838821325,9.075069727944784e-05,334482.0,4130.091612577438,cuchara,C:\Users\harie\Documents\Escuela\5_semestre\vision\Proyecto\data\84.jpg
0.7521710541414384,0.5092850455947632,0.22122718299318178,0.1898231249004925,0.038899384021440594,0.13546283747973883,3.7163981397127406e-05,340002.0,4142.743413567543,cuchara,C:\Users\harie\Documents\Escuela\5_semestre\vision\Proyecto\data\84.jpg
0.7407546085447119,0.4925154021028407,0.20563872437553612,0.17521181731762311,0.03325809243812062,0.12294934175509398,3.237927642643461e-05,354127.0,4197.429705262184,cuchara,C:\Users\harie\Documents\Escuela\5_semestre\vision\Proyecto\data\84.jpg
1.1685725044371418,1.3281542042008214,0.050196852369401426,0.04622941009838418,0.0022269376263615334,0.053261540296299474,1.3275795362536912e-05,262141.5,4226.143345713615,cuchillo,C:\Users\harie\Documents\Escuela\5_semestre\vision\Proyecto\data\85.jpg
0.7895855938977168,0.5678859874973221,0.23912756953093567,0.20807030416823283,0.046411455300279326,0.15678353976634246,0.00021801171574264793,313052.0,4107.713974714279,cuchara,C:\Users\harie\Documents\Escuela\5_semestre\vision\Proyecto\data\85.jpg
0.7492756754062561,0.5067368097105024,0.20239083531453209,0.1732763459436263,0.03244914635069888,0.1233425076206666,7.191942792012743e-05,338994.5,4304.892686367035,cuchara,C:\Users\harie\Documents\Escuela\5_semestre\vision\Proyecto\data\85.jpg
0.7346484452406815,0.48510772496277643,0.1909705784104867,0.16250169189968333,0.028626608149170157,0.11317979209909744,2.525540877033102e-05,344562.5,4243.436844944954,cuchara,C:\Users\harie\Documents\Escuela\5_semestre\vision\Proyecto\data\85.jpg
0.7278963670510723,0.47489217517508053,0.1871208004195861,0.1585892106426014,0.02731940752009944,0.10927568488653132,2.705506892756223e-05,355258.5,4251.294709086418,cuchara,C:\Users\harie\Documents\Escuela\5_semestre\vision\Proyecto\data\85.jpg
1.0084201936618808,0.9589521073743542,0.16431914453988503,0.13725125577079733,0.02061191894914084,0.13440424067162185,1.6937476277514664e-05,267107.5,6767.422565698624,tenedor,C:\Users\harie\Documents\Escuela\5_semestre\vision\Proyecto\data\86.jpg
0.8005347336840319,0.583990208918206,0.26370809320073035,0.23047604524623136,0.056819319005520494,0.17611250392781352,0.00025561855161714757,310897.0,4036.0083512067795,cuchara,C:\Users\harie\Documents\Escuela\5_semestre\vision\Proyecto\data\86.jpg
0.7681577954960475,0.5335217291445046,0.23440547950506138,0.20230489980068034,0.04405472989266509,0.1477634731961706,9.161823232732872e-05,333024.0,4112.434756994247,cuchara,C:\Users\harie\Documents\Escuela\5_semestre\vision\Proyecto\data\86.jpg
0.7524656153560151,0.5097101635251505,0.2214170743342975,0.18997981775626394,0.038964272209636636,0.1356314188483769,3.599925995614005e-05,338914.0,4138.601277828217,cuchara,C:\Users\harie\Documents\Escuela\5_semestre\vision\Proyecto\data\86.jpg
0.7419521109745117,0.49417395944118075,0.20752313612569623,0.1769119161894953,0.03389757890692751,0.12435142493580392,3.336365555085992e-05,352405.0,4178.115995764732,cuchara,C:\Users\harie\Documents\Escuela\5_semestre\vision\Proyecto\data\86.jpg
0.1683918990482462,0.0007516872284693189,3.684000711532664e-06,9.491016901934701e-08,-4.859429852438308e-14,-2.5976865359638266e-09,2.8075124236441176e-14,320416.0,2406.2985512018204,te,C:\Users\harie\Documents\Escuela\5_semestre\vision\Proyecto\data\87.jpg
0.8002653545999381,0.5839015943313179,0.2596609755512483,0.226880287964992,0.05506732647079931,0.1733522889302449,0.00025061037142565284,309756.0,4045.606330037117,cuchara,C:\Users\harie\Documents\Escuela\5_semestre\vision\Proyecto\data\87.jpg
0.7613609061969434,0.523763550522845,0.22278834981319376,0.19173482884827112,0.03962751087258114,0.13875628224593556,8.330991536903811e-05,334722.5,4202.299761772156,cuchara,C:\Users\harie\Documents\Escuela\5_semestre\vision\Proyecto\data\87.jpg
0.7467784927592303,0.501793104270025,0.21196846548746864,0.1814538534840522,0.03558645692800193,0.1285348711071901,3.154034156151869e-05,339858.5,4181.897740006447,cuchara,C:\Users\harie\Documents\Escuela\5_semestre\vision\Proyecto\data\87.jpg
0.7374439817917856,0.48785555884849346,0.20231732275671996,0.1722335541732275,0.03215088836708112,0.1202869802268215,3.1065304831886555e-05,352123.0,4191.228692173958,cuchara,C:\Users\harie\Documents\Escuela\5_semestre\vision\Proyecto\data\87.jpg
0.31620993082645915,0.07288184093345151,1.2938704823918187e-05,2.9200669265024408e-06,1.7422247795101147e-11,7.373095309643719e-07,4.3154959148573315e-12,192919.0,2455.0681031942368,encendedor,C:\Users\harie\Documents\Escuela\5_semestre\vision\Proyecto\data\88.jpg
1.0426629186123424,1.028348345947127,0.15049119887158208,0.12557175863422854,0.01726165433949301,0.1272991818007024,0.00012341712004348146,237747.0,6671.48857986927,tenedor,C:\Users\harie\Documents\Escuela\5_semestre\vision\Proyecto\data\88.jpg
1.0417076848040363,1.0267911798502374,0.16443378958817914,0.1377496951886852,0.020731534651079988,0.1395827052682815,1.0023126710560727e-05,240852.0,6672.469246506691,tenedor,C:\Users\harie\Documents\Escuela\5_semestre\vision\Proyecto\data\88.jpg
1.0272474554937288,0.9975192782278042,0.14734423425698454,0.1225967275038951,0.016477202033625918,0.12244266503648611,-4.217596046545043e-05,249043.0,6738.3514993190765,tenedor,C:\Users\harie\Documents\Escuela\5_semestre\vision\Proyecto\data\88.jpg
1.0378665364271296,1.0193700832859713,0.16138106276561848,0.13539221279077351,0.02001321090173846,0.13669715738631832,-8.89108929852736e-06,242064.5,6687.68245112896,tenedor,C:\Users\harie\Documents\Escuela\5_semestre\vision\Proyecto\data\88.jpg
1.1924825344106262,1.3842601158341035,0.052588949093467625,0.048512041248579274,0.0024502735600441844,0.05706295724891452,1.3907728320613343e-05,258885.0,4218.729133605957,cuchillo,C:\Users\harie\Documents\Escuela\5_semestre\vision\Proyecto\data\89.jpg
1.0452064732615256,1.0334421710832966,0.15026785309245227,0.1252754202028637,0.017187801349121644,0.1273106345470011,0.00012517747570338833,236105.0,6652.150487303734,tenedor,C:\Users\harie\Documents\Escuela\5_semestre\vision\Proyecto\data\89.jpg
1.042892716070227,1.0291364816155388,0.16420347138417657,0.13747590893605896,0.020655275003349717,0.13946431071283288,1.2937201073244075e-05,239575.0,6665.013403892517,tenedor,C:\Users\harie\Documents\Escuela\5_semestre\vision\Proyecto\data\89.jpg
1.0309451736493735,1.004786776210308,0.1484783062742835,0.12344477729253242,0.016712416384861657,0.12373825012081628,-4.144987803943656e-05,247184.5,6727.682451248169,tenedor,C:\Users\harie\Documents\Escuela\5_semestre\vision\Proyecto\data\89.jpg
1.04001119556983,1.0236038756753476,0.16123425326085505,0.1351158846049358,0.0199428966326013,0.13670114767304503,-7.462439114897402e-06,240614.0,6679.356549978256,tenedor,C:\Users\harie\Documents\Escuela\5_semestre\vision\Proyecto\data\89.jpg
1.2138349034778857,1.4355334097033596,0.05888914214238552,0.05442796701365464,0.0030813910996035417,0.06521180664086204,1.3158039563169593e-05,251627.0,4188.528122663498,cuchillo,C:\Users\harie\Documents\Escuela\5_semestre\vision\Proyecto\data\9.jpg
1.1800723947366678,1.3549667265165963,0.043871192094988354,0.040268304713477705,0.0016924575272043627,0.04676410266620861,1.4956921784995275e-05,229058.0,3924.6214896440506,cuchillo,C:\Users\harie\Documents\Escuela\5_semestre\vision\Proyecto\data\9.jpg
1.2041162067753868,1.411724644455842,0.05556690373346466,0.051271777266460365,0.00273661654978169,0.06083220362971296,2.009466751508657e-05,232405.0,3977.9351959228516,cuchillo,C:\Users\harie\Documents\Escuela\5_semestre\vision\Proyecto\data\9.jpg
1.1886257148591426,1.3760590547846485,0.04151595771640387,0.03819701878251252,0.0015210517676879007,0.04479543562008617,9.079795664204232e-06,230583.5,3992.663119196892,cuchillo,C:\Users\harie\Documents\Escuela\5_semestre\vision\Proyecto\data\9.jpg
0.7328428093356536,0.48059494446830986,0.21028513714889227,0.17913134863615235,0.034766526963268325,0.12418235103878934,4.561881323171535e-05,368815.0,4253.973859071732,cuchara,C:\Users\harie\Documents\Escuela\5_semestre\vision\Proyecto\data\90.jpg
1.0374224791898106,1.017813581256636,0.14825869391680618,0.12371352735966111,0.01675423472333591,0.12477129044283791,0.00012072437432540098,237106.0,6642.434757232666,tenedor,C:\Users\harie\Documents\Escuela\5_semestre\vision\Proyecto\data\90.jpg
1.0336738636352256,1.0108081922038643,0.1594217316770781,0.13353130119266599,0.019482662050514667,0.13425097415691112,1.221514650780932e-05,241213.5,6693.765709638596,tenedor,C:\Users\harie\Documents\Escuela\5_semestre\vision\Proyecto\data\90.jpg
1.0256674124470864,0.9943541705302236,0.14653383512134938,0.12187506559457958,0.016286957504666973,0.12152884735525285,-3.9674808982295825e-05,247613.0,6717.925089597702,tenedor,C:\Users\harie\Documents\Escuela\5_semestre\vision\Proyecto\data\90.jpg
1.033617649508735,1.0109949490800945,0.1594056283017892,0.13383550237646005,0.019548290546653052,0.13456922955813566,-8.450854950737934e-06,241688.0,6701.037789940834,tenedor,C:\Users\harie\Documents\Escuela\5_semestre\vision\Proyecto\data\90.jpg
0.16845475212525124,0.0008833438300217635,6.178247065327768e-07,4.528883094997314e-09,-1.3140830847947993e-16,-2.203662328142059e-12,-2.003051938016116e-16,325777.5,2416.8254622220993,te,C:\Users\harie\Documents\Escuela\5_semestre\vision\Proyecto\data\91.jpg
1.0471249488708687,1.037251050413328,0.15067833628542768,0.12555732705382,0.01726936912856738,0.1278297337886518,0.00012852916032870176,236564.0,6657.322059392929,tenedor,C:\Users\harie\Documents\Escuela\5_semestre\vision\Proyecto\data\91.jpg
1.0472418156689134,1.037875866060373,0.16534408496785777,0.13832206553880264,0.020918542591849817,0.1409172182061607,1.4627657262578816e-05,239456.0,6659.6164355278015,tenedor,C:\Users\harie\Documents\Escuela\5_semestre\vision\Proyecto\data\91.jpg
1.029628852008411,1.0021316609906137,0.14775457519414265,0.12278899504517296,0.01653896360926106,0.12291815435303177,-4.1155432618742663e-05,248507.5,6740.912897825241,tenedor,C:\Users\harie\Documents\Escuela\5_semestre\vision\Proyecto\data\91.jpg
1.042836553872752,1.029236967742128,0.16332330279520998,0.13688454150467297,0.020467069277036783,0.13887109005298073,-7.0546323341028755e-06,240762.5,6671.859075307846,tenedor,C:\Users\harie\Documents\Escuela\5_semestre\vision\Proyecto\data\91.jpg
0.310724715679896,0.06946367815228982,1.4766831967250884e-05,2.15857270327315e-06,1.1378319481709628e-11,5.166701186874918e-07,4.365166485478486e-12,185489.0,2258.8427064418793,encendedor,C:\Users\harie\Documents\Escuela\5_semestre\vision\Proyecto\data\92.jpg
0.1680632763384874,0.00041105989202366465,5.645179774124387e-06,2.2035288029255658e-07,5.365383465580055e-14,-2.3042706168645092e-09,-2.398350546104452e-13,296087.5,2258.6589419841766,te,C:\Users\harie\Documents\Escuela\5_semestre\vision\Proyecto\data\92.jpg
0.1684316708728314,0.0004173881184647142,3.537654283441451e-06,8.434415392297237e-08,-4.3629553777319515e-14,-1.6356828743755098e-09,1.480275665733986e-14,289780.5,2281.830515742302,te,C:\Users\harie\Documents\Escuela\5_semestre\vision\Proyecto\data\92.jpg
0.16748385212787292,0.0004506252903995943,2.5816021934292096e-06,5.332327373677529e-08,8.980921381432065e-15,-8.137302972542144e-10,1.7628388966579636e-14,278673.5,2228.7422018051147,te,C:\Users\harie\Documents\Escuela\5_semestre\vision\Proyecto\data\92.jpg
0.16833183173168398,0.00035442597784988967,2.066707144046874e-06,7.656181451197412e-08,2.7583475134606003e-14,3.082796580521888e-10,1.290951112690323e-14,279921.5,2194.0315252542496,te,C:\Users\harie\Documents\Escuela\5_semestre\vision\Proyecto\data\92.jpg
1.1908771034759686,1.3806738617174823,0.04986562036890294,0.045980826168080295,0.002201707291792012,0.05402181138664517,1.1753163243589535e-05,260644.5,4293.221553564072,cuchillo,C:\Users\harie\Documents\Escuela\5_semestre\vision\Proyecto\data\93.jpg
0.16803914861888875,0.00040836076492221457,5.440467703369093e-06,2.160558533355154e-07,4.8709400708295016e-14,-2.277900716821747e-09,-2.2912292929252213e-13,300823.5,2301.913775205612,te,C:\Users\harie\Documents\Escuela\5_semestre\vision\Proyecto\data\93.jpg
0.1684037955715655,0.0004227617862475778,3.3108063609926116e-06,7.938233292912624e-08,-3.982838299023343e-14,-1.5933907008033665e-09,8.358922896355844e-15,293903.5,2299.428493618965,te,C:\Users\harie\Documents\Escuela\5_semestre\vision\Proyecto\data\93.jpg
0.16750727111765953,0.0004452703040798362,2.468743815176627e-06,5.015467385596952e-08,9.45567598649503e-15,-7.486400777510841e-10,1.4901540623213496e-14,282042.0,2260.7249569892883,te,C:\Users\harie\Documents\Escuela\5_semestre\vision\Proyecto\data\93.jpg
0.16834403991961128,0.0003529589536775598,2.159704156030976e-06,7.188319783197393e-08,2.491385741815518e-14,2.935188218069546e-10,1.3471755929435582e-14,284266.0,2226.357425928116,te,C:\Users\harie\Documents\Escuela\5_semestre\vision\Proyecto\data\93.jpg
0.7388992642818601,0.48968390376068516,0.2125686451705212,0.18145092873218724,0.03563594585183629,0.12697426904232004,2.4784007382706343e-05,366640.0,4259.228695273399,cuchara,C:\Users\harie\Documents\Escuela\5_semestre\vision\Proyecto\data\94.jpg
0.16803816822519702,0.0004075268046119358,5.544352302722229e-06,2.2363757680715506e-07,6.949496499632071e-14,-2.2260459001417057e-09,-2.391313322313075e-13,300184.0,2286.7005722522736,te,C:\Users\harie\Documents\Escuela\5_semestre\vision\Proyecto\data\94.jpg
0.16840591783617123,0.00042074004057644884,3.3190013624477695e-06,7.861281254848843e-08,-3.898337054352173e-14,-1.5662920436603093e-09,9.630742035937536e-15,293123.5,2297.972650885582,te,C:\Users\harie\Documents\Escuela\5_semestre\vision\Proyecto\data\94.jpg
0.16748607444746838,0.00044423318291100615,2.8270738885202177e-06,5.9331960196299725e-08,1.0261030957720737e-14,-9.391115835590119e-10,2.202699712044511e-14,281388.0,2250.5828214883804,te,C:\Users\harie\Documents\Escuela\5_semestre\vision\Proyecto\data\94.jpg
0.16830253202464973,0.0003490283802486202,2.206947800102352e-06,7.867642591091435e-08,2.916782343572072e-14,3.216562599971936e-10,1.4967758622305226e-14,283864.0,2223.386863708496,te,C:\Users\harie\Documents\Escuela\5_semestre\vision\Proyecto\data\94.jpg
1.023519985180004,0.9895706337729537,0.17240958828005915,0.1448660959551416,0.02289444684572225,0.14409695550457785,-4.0719160578345584e-05,258182.5,6736.0255970954895,tenedor,C:\Users\harie\Documents\Escuela\5_semestre\vision\Proyecto\data\95.jpg
0.1680414788202204,0.0004065635838361521,5.844696982992785e-06,2.214645839162975e-07,7.335852474736097e-14,-2.2064036672295924e-09,-2.4104786285590077e-13,297732.0,2255.6467496156693,te,C:\Users\harie\Documents\Escuela\5_semestre\vision\Proyecto\data\95.jpg
0.168400045264888,0.0004123294455416348,3.4345982579526474e-06,8.503246939368267e-08,-4.190854962093282e-14,-1.6287460388084895e-09,1.885110682756194e-14,291405.0,2273.4457391500473,te,C:\Users\harie\Documents\Escuela\5_semestre\vision\Proyecto\data\95.jpg
0.16741299091455736,0.0004403536669294427,2.6401549925611584e-06,5.3786369567724135e-08,8.893518331375652e-15,-8.395740704103339e-10,1.8213186613380463e-14,280047.5,2246.3401814699173,te,C:\Users\harie\Documents\Escuela\5_semestre\vision\Proyecto\data\95.jpg
0.1683118215589003,0.0003565974175665687,2.26584861312284e-06,8.140570208694648e-08,3.186541253774223e-14,3.4306970343621233e-10,1.4385579537295696e-14,281808.0,2195.5046141147614,te,C:\Users\harie\Documents\Escuela\5_semestre\vision\Proyecto\data\95.jpg
1.2591098093973265,1.5467902412938621,0.04795334211469361,0.04400296988113046,0.0020212409682229316,0.054628812758127,1.6421006148610752e-05,246646.0,4203.6996965408325,cuchillo,C:\Users\harie\Documents\Escuela\5_semestre\vision\Proyecto\data\96.jpg
1.2449738839907722,1.5119950266693563,0.04840216864829604,0.04455812557348959,0.0020692266821600476,0.05466325355688357,1.703118048563179e-05,248821.5,4193.231660485268,cuchillo,C:\Users\harie\Documents\Escuela\5_semestre\vision\Proyecto\data\96.jpg
0.3114647995925538,0.06992909975642857,3.953586413610268e-06,1.6412396725820736e-07,3.539850414002159e-14,1.816331558989893e-08,1.27379631399845e-13,171196.5,2104.423441171646,encendedor,C:\Users\harie\Documents\Escuela\5_semestre\vision\Proyecto\data\96.jpg
0.3134067926230052,0.07107506104210466,2.0588100391214903e-05,1.7784984500245708e-06,-9.876826089403699e-12,-4.737836689752161e-07,-4.273931471884695e-12,176076.5,2167.9970351457596,encendedor,C:\Users\harie\Documents\Escuela\5_semestre\vision\Proyecto\data\96.jpg
0.784294923004285,0.5575956390904577,0.2375120493997194,0.20385091294719138,0.04485504836525246,0.15221658869042565,6.70630601333585e-05,346185.5,4190.76065826416,cuchara,C:\Users\harie\Documents\Escuela\5_semestre\vision\Proyecto\data\97.jpg
0.806602856274572,0.5931621318168769,0.24752793009047747,0.21375514316621325,0.049168348398860626,0.16462565113713817,0.00012234345319149,337716.5,4175.991108775139,cuchara,C:\Users\harie\Documents\Escuela\5_semestre\vision\Proyecto\data\97.jpg
0.3111415637906382,0.06974886529496317,3.523920578316723e-06,1.0387407404047074e-07,5.9561194622433945e-15,9.045406372904944e-09,6.256256521234141e-14,171614.5,2112.2813062667847,encendedor,C:\Users\harie\Documents\Escuela\5_semestre\vision\Proyecto\data\97.jpg
0.3135421174877664,0.07116061532906781,2.1868907674488984e-05,1.894840861277272e-06,-1.1563812147871194e-11,-5.053829692840558e-07,-3.880529523585243e-12,176683.0,2170.2396758794785,encendedor,C:\Users\harie\Documents\Escuela\5_semestre\vision\Proyecto\data\97.jpg
1.0691193755387962,1.0848459863701787,0.1759358063291588,0.14847344707726515,0.023996376906384516,0.15460666164704,0.0001108119565114106,247888.0,6530.601277709007,tenedor,C:\Users\harie\Documents\Escuela\5_semestre\vision\Proyecto\data\98.jpg
1.064355161356096,1.0756230799570556,0.17268752325292808,0.1459045482245956,0.023159741643753184,0.15132087105850336,-6.14923953933433e-06,250083.5,6505.540315032005,tenedor,C:\Users\harie\Documents\Escuela\5_semestre\vision\Proyecto\data\98.jpg
0.3113630896753097,0.06987915770424795,3.609377400242226e-06,1.330580229420255e-07,3.947316137998574e-14,1.957462211082666e-08,8.33339237350291e-14,171038.5,2114.5655765533447,encendedor,C:\Users\harie\Documents\Escuela\5_semestre\vision\Proyecto\data\98.jpg
0.3135832848516227,0.07119523178851386,2.0098602060001916e-05,1.7175089856341348e-06,-9.373264610425703e-12,-4.582528760692147e-07,-3.737499201748486e-12,176057.0,2152.381810903549,encendedor,C:\Users\harie\Documents\Escuela\5_semestre\vision\Proyecto\data\98.jpg
0.16824054270432348,0.0005013039026753356,1.4442394796768368e-05,5.980190640322561e-07,9.262883268318964e-13,-4.81822512360889e-09,-1.493569849610173e-12,298826.0,2256.960457801819,te,C:\Users\harie\Documents\Escuela\5_semestre\vision\Proyecto\data\99.jpg
0.16878468329916435,0.0005626276639011604,2.054732370346452e-06,1.1229421852742164e-08,1.2002559800252611e-15,8.18685015298748e-11,-1.2120010311197474e-15,301498.5,2332.6589423418045,te,C:\Users\harie\Documents\Escuela\5_semestre\vision\Proyecto\data\99.jpg
0.3111496246164911,0.06974939577522717,4.0204296383570835e-06,1.7887997956557504e-07,9.62722629038388e-14,3.3097671199401833e-08,1.172340684350731e-13,171128.0,2108.666081905365,encendedor,C:\Users\harie\Documents\Escuela\5_semestre\vision\Proyecto\data\99.jpg
0.31348819238847464,0.07112662448915621,2.1757656744453323e-05,1.8927769312294553e-06,-1.1196209542012767e-11,-5.044362010813581e-07,-4.710107305646108e-12,176279.0,2168.9259675741196,encendedor,C:\Users\harie\Documents\Escuela\5_semestre\vision\Proyecto\data\99.jpg
0.15941910950515875,8.355968188871181e-05,1.5767780796292857e-08,1.4533094358851771e-11,1.5393984818980748e-21,3.636053973621454e-14,6.784555674511838e-21,135190.5,1377.8935658931732,otro,C:\Users\harie\Documents\Escuela\5_semestre\vision\Proyecto\nuevo\1 (1).jpg
0.1666666666666666,0.0,3.2222116881153516e-33,1.1113342352887637e-32,6.650343444364638e-65,0.0,0.0,373321.0,2444.0,otro,C:\Users\harie\Documents\Escuela\5_semestre\vision\Proyecto\nuevo\1.jpg
0.20051700696059102,0.008406542068289346,0.0013024920940645714,0.00017645811791395003,4.106714514536301e-08,5.3546917136622075e-06,-7.395930539901062e-08,78967.5,1730.8641259670258,otro,C:\Users\harie\Documents\Escuela\5_semestre\vision\Proyecto\nuevo\4_AdobeStock_110587288.jpg
0.17669498171653975,0.003443338786030533,0.0,0.0,0.0,0.0,0.0,1017951.0,4096.0,otro,C:\Users\harie\Documents\Escuela\5_semestre\vision\Proyecto\nuevo\bimbo.jpg
0.20331937370393208,0.00102988323485084,0.000867744821961183,0.00033302970710902014,-1.131673430150556e-07,2.0854810780479158e-06,-1.3872312783167839e-07,187660.5,5225.3375524282455,otro,C:\Users\harie\Documents\Escuela\5_semestre\vision\Proyecto\nuevo\flor-fotografia-fondo-oscuro.jpg
0.1613335369098889,1.8333717752199403e-05,3.916545261612259e-05,5.2699875150220034e-08,7.436690862987145e-14,-2.2361689804038953e-10,-1.420923883611679e-14,143957.5,1731.4814413785934,otro,C:\Users\harie\Documents\Escuela\5_semestre\vision\Proyecto\nuevo\flor.jpg
0.19838689171008905,0.010607704122664992,0.0002791654352231519,2.1077590910104344e-05,-1.5548231335165387e-09,-2.1482715479061097e-06,4.434402307693397e-10,71703.0,1246.3818110227585,otro,C:\Users\harie\Documents\Escuela\5_semestre\vision\Proyecto\nuevo\lobo.jpg
